Date,Open,High,Low,Close,Volume,Dividends,Stock Splits,Year,Month,Quarter,DayOfWeek,Week,Daily_Return,Cumulative_Return,Price_Change,Up_Down,SMA_20,SMA_50,EMA_20,BB_Mid,BB_Upper,BB_Lower,RSI,MACD,MACD_Signal,MACD_Hist,Volume_MA
2025-04-22,2742.9628471383867,2799.5085550179124,2734.0345774731986,2794.647705078125,3193757,0.0,0.0,2025,April,Q2,Tuesday,17,,,51.68485793973832,Up,,,2794.647705078125,,,,,0.0,0.0,0.0,
2025-04-23,2807.444884070858,2899.703673547391,2803.476764093373,2894.545166015625,3906215,0.0,0.0,2025,April,Q2,Wednesday,17,3.574599430045411,103.57459943004541,87.10028194476718,Up,,,2804.1617489769346,,,,,7.969028222934867,1.5938056445869735,6.375222578347893,
2025-04-24,2894.5450714587305,2904.6637286318046,2842.165841028046,2878.275634765625,2488496,0.0,0.0,2025,April,Q2,Thursday,17,-0.5620755703181879,102.99243190959419,-16.26943669310549,Down,,,2811.2202142901433,,,,,12.823899372266169,3.839824390122813,8.984074982143357,
2025-04-25,2878.2755351818114,2916.1712721735707,2808.5360250244426,2841.3720703125,2299310,0.0,0.0,2025,April,Q2,Friday,17,-1.2821414324389435,101.67192326780483,-36.90346486931139,Down,,,2814.091819625606,,,,,13.53755795884581,5.779371103867412,7.758186854978398,
2025-04-28,2895.6362195095176,2921.528298934882,2859.3280674610387,2907.2431640625,1864672,0.0,0.0,2025,April,Q2,Monday,18,2.3182846920415834,104.02896790102662,11.60694455298244,Up,,,2822.963376238644,,,,,19.197092159626663,8.462915315019263,10.7341768446074,
2025-04-29,2926.4883129510827,2945.8328967146576,2878.6725184462334,2886.410400390625,2051228,0.0,0.0,2025,April,Q2,Tuesday,18,-0.7165813967471513,103.28351566981982,-40.07791256045766,Down,,,2829.0059499674044,,,,,21.750556985164167,11.120443649048244,10.630113336115922,
2025-04-30,2885.616919482819,2925.397177263029,2863.9906169910637,2905.45751953125,2689753,0.0,0.0,2025,April,Q2,Wednesday,18,0.6598894993604221,103.96507274429523,19.840600048431043,Up,,,2836.287051830628,,,,,25.02269355217186,13.900893629672968,11.12179992249889,
2025-05-02,2926.48833766527,2976.089834913834,2887.005497416451,2893.94970703125,2868096,0.0,0.0,2025,May,Q2,Friday,18,-0.39607574444442406,103.55329230846107,-32.53863063402014,Down,,,2841.7787332783064,,,,,26.383172275016022,16.39734935874158,9.985822916274444,
2025-05-05,2925.396986669802,3019.7391306315158,2914.2862998055202,2997.41845703125,4049197,0.0,0.0,2025,May,Q2,Monday,19,3.5753472062285185,107.25568205196927,72.02147036144788,Up,,,2856.6015641119197,,,,,35.40232885530713,20.19834525805469,15.203983597252442,
2025-05-06,3125.489635144685,3134.516962308668,3031.643505663436,3043.944580078125,5683215,0.0,0.0,2025,May,Q2,Tuesday,19,1.5522064641236621,108.92051168191985,-81.54505506656005,Down,,,2874.443756108701,,,,,45.77665987944147,25.314008182332046,20.462651697109422,
2025-05-07,2997.815243470502,3100.0936293685554,2997.815243470502,3095.0341796875,2942902,0.0,0.0,2025,May,Q2,Wednesday,19,1.6784011096569795,110.74863475863326,97.21893621699792,Up,,,2895.4523678781106,,,,,57.45854928451763,31.742916402769165,25.715632881748466,
2025-05-08,3102.4745041428077,3111.998088956338,2984.5222348183433,3008.92626953125,3323894,0.0,0.0,2025,May,Q2,Thursday,19,-2.782131154523926,107.6674624878034,-93.54823461155775,Down,,,2906.2594061307905,,,,,59.08722137820132,37.2117773978556,21.87544398034572,
2025-05-09,2937.996148645794,3032.735013767293,2931.4486537594676,2958.332763671875,2308852,0.0,0.0,2025,May,Q2,Friday,19,-1.6814471784068252,105.85709097774001,20.336615026080835,Up,,,2911.218773515656,,,,,55.65393868927731,40.90020965613994,14.753729033137368,
2025-05-12,3020.4335255566752,3087.3955468542435,3009.521196160035,3079.955322265625,2166730,0.0,0.0,2025,May,Q2,Monday,20,4.111185870881973,110.20907274534353,59.52179670894975,Up,,,2927.2889210156527,,,,,62.031896371367566,45.126546999185464,16.9053493721821,
2025-05-13,3025.691419302203,3086.205247688247,3010.8109696990773,3029.461181640625,2681662,0.0,0.0,2025,May,Q2,Tuesday,20,-1.6394439315391196,108.40225679021447,3.7697623384219696,Up,,,2937.019612503745,,,,65.04767149691943,62.29393295139471,48.56002418962731,13.733908761767395,
2025-05-14,3013.291037690517,3085.213210606587,2993.9464532510224,3077.07861328125,2236302,0.0,0.0,2025,May,Q2,Wednesday,20,1.5718119092992477,110.10613637239221,63.78757559073301,Up,,,2950.358564958746,,,,62.537466155949765,65.58787145179213,51.96559364206028,13.622277809731848,
2025-05-15,3060.4123230178493,3145.4292392734196,3048.507963900762,3119.23974609375,3590003,0.0,0.0,2025,May,Q2,Thursday,20,1.3701675553729586,111.61477492944142,58.8274230759007,Up,,,2966.442486971603,,,,65.98236964669664,70.78443361860673,55.729361637369564,15.055071981237163,
2025-05-16,3110.0140601201333,3124.398495166941,3090.173460055571,3110.609375,2269659,0.0,0.0,2025,May,Q2,Friday,20,-0.27668187751703766,111.30595707458025,0.5953148798666916,Up,,,2980.1726667838316,,,,68.55349509545293,73.36069137010145,59.255627583915945,14.105063786185504,
2025-05-19,3090.173434284337,3131.8386940724404,3078.864389219781,3103.06982421875,2011149,0.0,0.0,2025,May,Q2,Monday,21,-0.24238179315748676,111.03617169993176,12.896389934413037,Up,,,2991.8771579681093,,,,64.67440660663517,73.94166200914833,62.19283446896243,11.7488275401859,
2025-05-20,3103.2680293156227,3110.311538811685,3024.798605886781,3039.083740234375,2667772,0.0,0.0,2025,May,Q2,Tuesday,21,-2.0620252720379706,108.74657777837568,-64.1842890812477,Down,2983.202770996094,,2996.373022945849,2983.202770996094,3185.2496084741515,2781.1559335180364,60.74570944880104,68.44989541695122,63.44424665856019,5.0056487583910325,2864643.2
2025-05-21,3038.587713565781,3107.037779591259,3023.8065643019713,3066.06689453125,1395136,0.0,0.0,2025,May,Q2,Wednesday,21,0.8878713652949344,109.71210750320807,27.479180965468913,Up,2996.77373046875,,3003.010534525411,2996.77373046875,3181.186838123934,2812.3606228135654,61.17938790159441,65.51967583230908,63.85933249330997,1.6603433389991054,2774712.15
2025-05-22,3052.0796013365434,3065.174348925289,2956.7454212568737,2982.33984375,3870830,0.0,0.0,2025,May,Q2,Thursday,21,-2.730763993785934,106.71612877468675,-69.73975758654342,Down,3001.163464355469,,3001.0418973087053,3001.163464355469,3179.407050040719,2822.919878670219,55.59043903150075,55.79817580102463,62.247101154852906,-6.44892535382828,2772942.9
2025-05-23,2995.9305881133573,3006.6445605098133,2960.4158658153005,2988.688720703125,1828093,0.0,0.0,2025,May,Q2,Friday,21,0.21288241064914004,106.94330864217375,-7.241867410232317,Down,3006.684118652344,,2999.8654042986504,3006.684118652344,3175.4915974844007,2837.876639820287,49.37053719018448,48.05220241891675,59.408121407665675,-11.355918988748925,2739922.75
2025-05-26,3013.787018886935,3076.284906375374,3003.5690618585927,3055.650634765625,2164190,0.0,0.0,2025,May,Q2,Monday,22,2.2405114858112807,109.33938575560825,41.86361587868987,Up,3017.398046875,,3005.178283390743,3017.398046875,3168.275979086873,2866.520114663127,50.819908727270736,46.77750755850275,56.88199863783309,-10.104491079330344,2733166.75
2025-05-27,3055.6506678516926,3060.4124601508584,2990.573647079151,3015.57275390625,2599143,0.0,0.0,2025,May,Q2,Tuesday,22,-1.3115989244120163,107.90529154807898,-40.07791394544256,Down,3022.8145263671877,,3006.1682329636487,3022.8145263671877,3164.542347816553,2881.0867049178223,44.3472114155505,42.04864208582376,53.91532732743123,-11.86668524160747,2769890.3
2025-05-28,3015.4734292634766,3020.5328789513123,2969.1456784430707,2973.907470703125,1491995,0.0,0.0,2025,May,Q2,Wednesday,22,-1.3816706345139096,106.41439582167256,-41.565958560351646,Down,3027.1893798828123,,3003.095779415027,3027.1893798828123,3156.001941108604,2898.3768186570205,47.34064978940191,34.54077740486218,50.04041734291742,-15.499639938055239,2741928.65
2025-05-29,2975.097767082866,3004.759365181861,2963.391765442311,2985.01806640625,2093429,0.0,0.0,2025,May,Q2,Thursday,22,0.3736026023868799,106.8119627737766,9.920299323383915,Up,3031.1674072265623,,3001.3740924618105,3031.1674072265623,3148.5587818672,2913.7760325859244,52.15577481311542,29.1512354755273,45.862580969439406,-16.711345493912106,2712112.45
2025-05-30,2981.0501487209067,2993.351223837699,2933.432708741338,2953.074951171875,3700191,0.0,0.0,2025,May,Q2,Friday,22,-1.0701146366203451,105.66895232647295,-27.97519754903169,Down,3034.123669433594,,2996.7741742437215,3034.123669433594,3139.308654564919,2928.938684302269,38.01311379217767,22.04828334153399,41.09972144385832,-19.051438102324333,2753717.2
2025-06-02,2953.0749201156655,3014.283122006738,2938.6904852731127,3001.783447265625,2967741,0.0,0.0,2025,June,Q2,Monday,23,1.6494161814085029,107.41187312487064,48.70852714995954,Up,3034.3419189453125,,2997.2512478648555,3034.3419189453125,3139.2239076719925,2929.4599302186325,47.376323779900765,20.117607901108386,36.90329873530833,-16.785690834199947,2699644.4
2025-06-03,3017.7551035127403,3040.3734347788195,3002.8746542843737,3022.21923828125,3204094,0.0,0.0,2025,June,Q2,Tuesday,23,0.6807883171666029,108.14312060835458,4.464134768509666,Up,3033.255651855469,,2999.629151714036,3033.255651855469,3138.1688978892057,2928.342405821732,44.51712519959554,20.005915509986608,33.52382209024399,-13.517906580257382,2575688.35
2025-06-04,3020.8305540015576,3062.39651280439,3015.870404158985,3029.064208984375,1584653,0.0,0.0,2025,June,Q2,Wednesday,23,0.22648822482573827,108.3880520424916,8.23365498281737,Up,3029.9571533203125,,3002.4324905016874,3029.9571533203125,3130.7598564052714,2929.1544502353536,40.302936903284824,20.23645713417136,30.866349099029463,-10.629891964858103,2507775.9
2025-06-05,3053.468191807066,3070.332700988586,2970.931348251763,3017.3583984375,3504632,0.0,0.0,2025,June,Q2,Thursday,23,-0.3864497329622463,107.96918670481041,-36.10979336956598,Down,3030.378759765625,,3003.854005543193,3030.378759765625,3130.8811860475357,2929.8763334837145,40.03810992308117,19.252669164945928,28.543613112212757,-9.290943947266829,2516812.8
2025-06-06,3017.358321442344,3088.089861448809,3002.8745876369358,3081.740966796875,2028071,0.0,0.0,2025,June,Q2,Friday,23,2.1337395117767555,110.27296790207497,64.38264535453118,Up,3036.549169921875,,3011.271811376877,3036.549169921875,3133.5184819949764,2939.579857848774,47.9682219994744,23.39842285687064,27.514575061144335,-4.116152204273696,2502773.75
2025-06-09,3105.0537862199794,3115.966115820114,3053.4682281102546,3062.793212890625,1364639,0.0,0.0,2025,June,Q2,Monday,24,-0.6148392778755896,109.59496638253387,-42.26057332935443,Down,3035.691064453125,,3016.1786115210434,3035.691064453125,3131.3377876520835,2940.0443412541663,52.470543461559195,24.8683700491124,26.98533405873795,-2.1169640096255513,2462669.2
2025-06-10,3077.277036693918,3082.137886779174,3035.413419449941,3043.052001953125,1787253,0.0,0.0,2025,June,Q2,Tuesday,24,-0.6445492583179835,108.88857283956142,-34.225034740793035,Down,3036.37060546875,,3018.7379820383844,3036.37060546875,3132.024081835543,2940.717129101957,47.56508375198564,24.161840395038325,26.420635325998028,-2.258794930959702,2417948.75
2025-06-11,3060.4125058931113,3099.10167533552,3051.4842360217863,3056.146728515625,1749787,0.0,0.0,2025,June,Q2,Wednesday,24,0.4303155698323735,109.35713732225831,-4.265777377486302,Down,3035.324011230469,,3022.3007197981215,3035.324011230469,3129.5494818876673,2941.0985405732704,59.180668887586435,24.37753648421085,26.01201555764059,-1.6344790734297412,2393623.0
2025-06-12,3063.388426430681,3069.340606015715,2983.034002032726,2995.13671875,2278398,0.0,0.0,2025,June,Q2,Thursday,24,-1.996304994009812,107.17403532858792,-68.25170768068119,Down,3029.118859863281,,3019.713672079253,3029.118859863281,3116.1465948522005,2942.091124874362,50.70604168081282,19.40182709716828,24.68997786554613,-5.28815076837785,2328042.75
2025-06-13,2908.631776810961,2994.44236640651,2908.631776810961,2982.0419921875,2003184,0.0,0.0,2025,June,Q2,Friday,24,-0.437199626999496,106.70547084589101,73.41021537653887,Up,3022.6904907226562,,3016.125893041943,3022.6904907226562,3103.116626091093,2942.2643553542193,40.86203876179975,14.237782272167351,22.599538746870376,-8.361756474703025,2314719.0
2025-06-16,2977.0819786339007,3020.731297880782,2964.2848887326295,2999.501953125,1673726,0.0,0.0,2025,June,Q2,Monday,25,0.5855035235332817,107.33023513749649,22.41997449109931,Up,3017.512097167969,,3014.542660668901,3017.512097167969,3088.985730533056,2946.038463802882,47.88622762951536,11.422441674691981,20.364119332434697,-8.941677657742716,2297847.85
2025-06-17,3018.747142579605,3018.747142579605,2970.1376749534465,2983.232421875,1455355,0.0,0.0,2025,June,Q2,Tuesday,25,-0.5424077564960328,106.74806761704528,-35.514720704605224,Down,3014.71953125,,3011.5607331647197,3014.71953125,3087.0041632789535,2942.434899221046,51.31430168066822,7.788665874108574,17.849028640769472,-10.060362766660898,2237227.0
2025-06-18,2976.0897778529916,3050.3927224287986,2962.7966737231704,3016.8623046875,2161043,0.0,0.0,2025,June,Q2,Wednesday,25,1.1272967726518424,107.95143513816043,40.772526834508426,Up,3012.2593017578124,,3012.065644738318,3012.2593017578124,3080.417103658833,2944.1014998567916,54.22036741276083,7.535656501154335,15.786354212846446,-8.25069771169211,2275522.35
2025-06-19,3013.78692885251,3082.13769418589,3010.0171666776564,3070.13427734375,2482920,0.0,0.0,2025,June,Q2,Thursday,25,1.765807228705052,109.85764938332092,56.347348491240155,Up,3016.6490234375,,3017.59599070074,3016.6490234375,3087.930532094504,2945.367514780496,64.68390443786348,11.501169409440081,14.929317252165173,-3.4281478427250924,2206126.85
2025-06-20,3075.292790123237,3177.4718731499124,3065.67014821891,3159.02001953125,8315834,0.0,0.0,2025,June,Q2,Friday,25,2.8951744177262206,113.03821994418219,83.72722940801305,Up,3025.1655883789062,,3031.064945827455,3025.1655883789062,3119.390502331687,2930.9406744261255,67.91769070136615,21.567585800866254,16.25697096190539,5.310614838960863,2530513.9
2025-06-23,3138.386069671237,3159.0200990264307,3097.8118991023425,3110.013916015625,1731432,0.0,0.0,2025,June,Q2,Monday,26,-1.5513071526180644,111.28464995299596,-28.372153655611783,Down,3027.883752441406,,3038.583895369186,3027.883752441406,3128.7163085632696,2927.0511963195427,59.39291992404316,25.29927601739473,18.06543197300326,7.233844044391471,2508876.0
2025-06-24,3129.9538021095764,3190.9636442292385,3111.79960552769,3124.99365234375,2834887,0.0,0.0,2025,June,Q2,Tuesday,26,0.4816613922845825,111.82066514735858,-4.9601497658263725,Down,3033.3547973632812,,3046.81339603343,3033.3547973632812,3142.874654827524,2923.8349398990385,60.08764790905567,29.129618817004484,20.278269341803508,8.851349475200976,2520663.2
2025-06-25,3154.655251115204,3199.792613984934,3135.310667028177,3189.872314453125,2078771,0.0,0.0,2025,June,Q2,Wednesday,26,2.0761214046216114,114.14219791127316,35.21706333792099,Up,3044.153039550781,,3060.438054930544,3044.153039550781,3170.3158866320327,2917.9901924695296,66.31637865464465,36.97414398420506,23.61744427028382,13.356699713921238,2550002.0
2025-06-26,3200.189278928195,3212.192938051462,3158.1273064505344,3190.169921875,2907261,0.0,0.0,2025,June,Q2,Thursday,26,0.009329759706266927,114.15284710406172,-10.019357053195108,Down,3054.4106323242186,,3072.793470830016,3054.4106323242186,3193.070135467779,2915.751129180658,61.66987848348993,42.722522482369186,27.438459912700893,15.284062569668293,2590693.6
2025-06-27,3179.4559336963066,3215.6650262329417,3161.6986947822907,3177.76953125,5098406,0.0,0.0,2025,June,Q2,Friday,26,-0.388706273605377,113.70912782586909,-1.6864024463066016,Down,3065.645361328125,,3082.7911908700144,3065.645361328125,3206.1330753898233,2925.157647266427,62.551444496977965,45.75016652671593,31.1008012355039,14.649365291212028,2660604.35
2025-06-30,3179.852851450725,3194.138228706202,3135.806816518025,3157.829833984375,2083572,0.0,0.0,2025,June,Q2,Monday,27,-0.6274746192113434,112.99563190903517,-22.02301746635021,Down,3073.4476806640623,,3089.9377283094773,3073.4476806640623,3216.3144929507966,2930.580868377328,62.52434912705449,46.010251776434416,34.08269134369001,11.927560432744407,2616395.9
2025-07-01,3162.5914363148963,3192.352334398161,3142.94919514098,3150.786376953125,1407074,0.0,0.0,2025,July,Q3,Tuesday,27,-0.22304739018704778,112.7435981010367,-11.805059361771328,Down,3079.8760375976562,3026.1179638671874,3095.7328377041104,3079.8760375976562,3224.595253161727,2935.1568220335853,60.465110000766714,45.1278177014824,36.29171661524849,8.83610108623391,2526544.9
2025-07-02,3142.7508768259927,3177.1742675997393,3128.5648001235795,3139.97314453125,1559309,0.0,0.0,2025,July,Q3,Wednesday,27,-0.34319154421162956,112.35667160571398,-2.777732294742691,Down,3085.421484375,3033.02447265625,3099.946200259076,3085.421484375,3230.442081579662,2940.400887170338,68.01579376995176,43.0595808090884,37.64528945401647,5.414291355071931,2525277.7
2025-07-03,3139.973226191099,3195.3285471955746,3139.5765110793095,3149.099853515625,2102806,0.0,0.0,2025,July,Q3,Thursday,27,0.2906620077394839,112.68324976323241,9.126627324525998,Up,3092.0085571289064,3038.11556640625,3104.6275005692232,3092.0085571289064,3235.9761595841323,2948.0409546736805,70.98702689638631,41.676516372956485,38.45153483780447,3.2249815351520112,2455186.4
2025-07-04,3161.10009765625,3177.0,3134.10009765625,3162.5,968006,25.3,0.0,2025,July,Q3,Friday,27,0.425523073503542,113.1627429909486,1.39990234375,Up,3096.0465087890625,3043.8000537109374,3110.139167181678,3096.0465087890625,3243.2943872861415,2948.7986302919835,70.6880310363847,41.18693037903722,38.99861394605102,2.1883164329861984,2402183.15
2025-07-07,3162.5,3173.0,3152.10009765625,3160.199951171875,853459,0.0,0.0,2025,July,Q3,Monday,28,-0.07272881669960762,113.08044106702646,-2.300048828125,Down,3100.916845703125,3050.176611328125,3114.90686089503,3100.916845703125,3249.9662426914747,2951.8674487147755,73.2868319957131,40.15050520230943,39.2289921973027,0.9215130050067302,2376624.15
2025-07-08,3150.0,3168.0,3123.0,3157.89990234375,1513129,0.0,0.0,2025,July,Q3,Tuesday,28,-0.07278175000515752,112.99813914310432,7.89990234375,Up,3106.6592407226562,3055.18974609375,3119.001436271099,3106.6592407226562,3255.170384814869,2958.1480966304434,70.22661766724275,38.69745588152091,39.12268493414635,-0.42522905262543986,2362917.95
2025-07-09,3145.0,3189.0,3141.0,3176.300048828125,1245661,0.0,0.0,2025,July,Q3,Wednesday,28,0.5826703522400667,113.65654579847417,31.300048828125,Up,3112.6669067382813,3060.9875390625,3124.458446990816,3112.6669067382813,3262.2912763147615,2963.042537161801,66.91767642461265,38.58584823143383,39.01531759360385,-0.42946936217001763,2337711.65
2025-07-10,3172.10009765625,3192.60009765625,3137.60009765625,3162.39990234375,1701384,0.0,0.0,2025,July,Q3,Thursday,28,-0.4376206992630749,113.15916122799263,-9.7001953125,Down,3121.030065917969,3066.12638671875,3128.0719189291904,3121.030065917969,3261.406682652,2980.6534491839375,50.707721753497715,36.9498379799752,38.602221670878116,-1.6523836909029157,2308860.95
2025-07-11,3158.0,3162.39990234375,3062.39990234375,3073.199951171875,3041614,0.0,0.0,2025,July,Q3,Friday,28,-2.8206410930434855,109.96734742585255,-84.800048828125,Down,3125.5879638671877,3069.7113916015624,3122.8460172380173,3125.5879638671877,3252.208923768487,2998.9670039658886,43.40204182717804,28.131317171190403,36.508040770940575,-8.376723599750171,2360782.45
2025-07-14,3072.800048828125,3104.800048828125,3053.60009765625,3092.10009765625,2958843,0.0,0.0,2025,July,Q3,Monday,29,0.6149989191939209,110.64364542398776,19.300048828125,Up,3130.21787109375,3071.6050244140624,3119.917834420706,3130.21787109375,3243.495503781623,3016.940238405877,44.18637163864821,22.409338853417466,33.68830038743596,-11.278961534018492,2425038.3
2025-07-15,3086.10009765625,3148.300048828125,3082.89990234375,3128.60009765625,2826720,0.0,0.0,2025,July,Q3,Tuesday,29,1.1804275038724166,111.9497134458596,42.5,Up,3137.4862548828123,3073.298134765625,3120.744716633615,3137.4862548828123,3227.2725059352633,3047.7000038303613,37.963264049357285,20.582611238599384,31.067162557668645,-10.484551319069261,2493606.55
2025-07-16,3128.60009765625,3210.0,3082.39990234375,3196.5,2892812,0.0,0.0,2025,July,Q3,Wednesday,29,2.170296625465684,114.37935429899359,67.89990234375,Up,3146.4681396484375,3075.327451171875,3127.959505525652,3146.4681396484375,3219.897606476967,3073.038672819908,50.98255293992815,24.333371143430213,29.72040427482096,-5.387033131390748,2530195.0
2025-07-17,3186.300048828125,3238.0,3171.0,3195.0,3267180,0.0,0.0,2025,July,Q3,Thursday,29,-0.0469263256686947,114.32568027069749,8.699951171875,Up,3152.71142578125,3079.04892578125,3134.3443145232086,3152.71142578125,3219.77050710674,3085.65234445576,52.76818129045821,26.875039203985125,29.151331260653794,-2.2762920566686695,2569408.0
2025-07-18,3208.0,3252.0,3176.699951171875,3192.39990234375,2040381,0.0,0.0,2025,July,Q3,Friday,29,-0.08138020833333703,114.2326417939147,-15.60009765625,Down,3154.380419921875,3083.7302685546874,3139.873418125165,3154.380419921875,3223.7232567347323,3085.0375831090173,55.88158328688124,28.352691128377046,28.991603234198443,-0.6389121058213973,2255635.35
2025-07-21,3177.0,3253.60009765625,3152.800048828125,3246.699951171875,2436535,0.0,0.0,2025,July,Q3,Monday,30,1.7009162538897282,116.17564336543502,69.699951171875,Up,3161.2147216796875,3087.0651611328126,3150.0473736534227,3161.2147216796875,3238.6205468419325,3083.8088965174425,64.05777664544497,33.51891586308329,29.897065759975415,3.621850103107878,2290890.5
2025-07-22,3246.699951171875,3271.89990234375,3210.5,3257.199951171875,1854072,0.0,0.0,2025,July,Q3,Tuesday,30,0.323405308710778,116.55136156350774,10.5,Up,3167.8250366210937,3091.6199365234374,3160.2523810361326,3167.8250366210937,3254.2604905400244,3081.389582702163,67.19738630071438,38.022152725168326,31.522083153013998,6.500069572154327,2241849.75
2025-07-23,3260.0,3303.0,3248.0,3268.800048828125,2159800,0.0,0.0,2025,July,Q3,Wednesday,30,0.3561371064148666,116.96644421006714,8.800048828125,Up,3171.7714233398438,3095.454365234375,3170.5902541591795,3171.7714233398438,3268.980972161523,3074.5618745181646,67.43372020253742,42.04239278370915,33.626145079153034,8.416247704556113,2245901.2
2025-07-24,3255.0,3286.5,3243.699951171875,3260.89990234375,1469406,0.0,0.0,2025,July,Q3,Thursday,30,-0.24168338125200028,116.68375575277001,5.89990234375,Up,3175.3079223632812,3098.287568359375,3179.1911730339007,3175.3079223632812,3280.1800774448398,3070.4357672817227,64.56478312152365,44.08282681049377,35.717481425421184,8.365345385072587,2174008.45
2025-07-25,3256.0,3259.0,3214.0,3246.39990234375,1475856,0.0,0.0,2025,July,Q3,Friday,30,-0.4446625297997664,116.16490681257436,-9.60009765625,Down,3178.7394409179688,3101.00337890625,3185.5920043967435,3178.7394409179688,3288.3356433462204,3069.143238489717,62.314252969615715,44.02239390486284,37.37846392130952,6.6439299835533205,1992880.95
2025-07-28,3246.39990234375,3256.89990234375,3199.199951171875,3209.800048828125,1939520,0.0,0.0,2025,July,Q3,Monday,31,-1.1273981831135926,114.8552657637538,-36.599853515625,Down,3181.3379516601562,3103.1379833984374,3187.8975324378275,3181.3379516601562,3291.3104942398804,3071.365409080432,56.75254670143797,40.55372004986202,38.01351514702002,2.5402049028419995,1985678.35
2025-07-29,3203.0,3225.89990234375,3186.60009765625,3199.39990234375,1824673,0.0,0.0,2025,July,Q3,Tuesday,31,-0.3240122850696525,114.48312059262985,-3.60009765625,Down,3183.7686279296877,3106.344306640625,3188.9929962383912,3183.7686279296877,3293.0446976168078,3074.4925582425676,53.069335708775625,36.544306112861705,37.71967334018836,-1.175367227326653,2006558.3
2025-07-30,3195.0,3241.60009765625,3151.89990234375,3208.89990234375,2199654,0.0,0.0,2025,July,Q3,Wednesday,31,0.2969306835647778,114.82305610517183,13.89990234375,Up,3187.2149658203125,3109.200966796875,3190.8888920579493,3187.2149658203125,3295.0129971178326,3079.4169345227924,56.251673992847124,33.74440281620491,36.92461923539167,-3.180216419186756,2038575.55
2025-07-31,3225.0,3238.199951171875,3135.60009765625,3203.10009765625,4465859,0.0,0.0,2025,July,Q3,Thursday,31,-0.180741215494562,114.61552351789935,-21.89990234375,Down,3189.9149780273438,3113.616171875,3192.0518640196924,3189.9149780273438,3296.390325487173,3083.4396305675145,72.51300460270272,30.70353230596129,35.68040184950559,-4.9768695435443036,2156728.2
2025-08-01,3205.0,3205.0,3116.699951171875,3159.300048828125,3781457,0.0,0.0,2025,August,Q3,Friday,31,-1.36742678944608,113.04824014445171,-45.699951171875,Down,3189.75498046875,3117.0283984375,3188.9326435252574,3189.75498046875,3296.413243468948,3083.096717468552,60.72111036413082,24.4771651073047,33.439754501065416,-8.962589393760716,2297400.75
2025-08-04,3170.0,3223.0,3160.0,3200.199951171875,2684012,0.0,0.0,2025,August,Q3,Monday,32,1.2945874627805942,114.51174848825589,30.199951171875,Up,3191.75498046875,3119.919384765625,3190.0057204439827,3191.75498046875,3297.576604684908,3085.933356252592,61.26492172981826,22.582685408061025,31.26834068246454,-8.685655274403516,2388928.4
2025-08-05,3195.0,3222.0,3170.10009765625,3212.199951171875,1805644,0.0,0.0,2025,August,Q3,Tuesday,32,0.37497656968608073,114.94114071462471,17.199951171875,Up,3194.4699829101564,3123.8519287109375,3192.119456703782,3194.4699829101564,3299.4170196455916,3089.5229461747213,52.99731622578754,21.798318858418952,29.374336317655427,-7.576017459236475,2403554.15
2025-08-06,3212.199951171875,3240.10009765625,3178.60009765625,3227.5,1866321,0.0,0.0,2025,August,Q3,Wednesday,32,0.4763105989881833,115.48861755044639,15.300048828125,Up,3197.02998046875,3128.923779296875,3195.4890322558026,3197.02998046875,3302.6067883708315,3091.453172566669,55.89408360105839,22.155889486915385,27.93064695150742,-5.774757464592035,2434587.15
2025-08-07,3198.0,3229.60009765625,3161.10009765625,3211.10009765625,2374621,0.0,0.0,2025,August,Q3,Thursday,32,-0.5081302042989955,114.90178500214523,13.10009765625,Up,3199.464990234375,3133.445419921875,3196.9758003891784,3199.464990234375,3303.9192982282925,3095.0106822404573,53.229740123057,20.87529432812289,26.519576426830515,-5.644282098707624,2468249.0
2025-08-08,3207.0,3214.89990234375,3135.60009765625,3144.199951171875,1721037,0.0,0.0,2025,August,Q3,Friday,32,-2.0834027109028708,112.50791809853476,-62.800048828125,Down,3203.014990234375,3137.267919921875,3191.9495290351497,3203.014990234375,3293.2604463158673,3112.769534152883,33.03542421945333,14.297320118598691,24.07512516518415,-9.77780504658546,2402220.15
2025-08-11,3150.89990234375,3230.0,3130.300048828125,3186.199951171875,2046761,0.0,0.0,2025,August,Q3,Monday,33,1.3357929092373988,114.0107908908256,35.300048828125,Up,3207.7199829101564,3140.95625,3191.4019501910284,3207.7199829101564,3282.0209982073447,3133.418967612968,39.358516304578515,12.33113154853163,21.726326441853647,-9.395194893322017,2356616.05
2025-08-12,3186.10009765625,3253.0,3185.10009765625,3236.5,3315978,0.0,0.0,2025,August,Q3,Tuesday,33,1.5786846274234767,115.81066172022298,50.39990234375,Up,3213.1149780273436,3145.241865234375,3195.6970025537876,3213.1149780273436,3278.3421242121667,3147.8878318425204,45.66209446791712,14.662684210141379,20.313597995511195,-5.650913785369816,2381078.95
2025-08-13,3255.0,3300.0,3238.699951171875,3282.199951171875,2436029,0.0,0.0,2025,August,Q3,Wednesday,33,1.412017647825592,117.44592870177613,27.199951171875,Up,3217.3999755859377,3150.304580078125,3203.935378612653,3217.3999755859377,3288.9816694898304,3145.818281682045,52.596934459440554,19.96788329251922,20.2444550549128,-0.2765717623935835,2358239.8
2025-08-14,3273.199951171875,3313.5,3262.0,3265.39990234375,1508721,0.0,0.0,2025,August,Q3,Thursday,33,-0.5118533019941918,116.84477783765834,-7.800048828125,Down,3220.919970703125,3155.26541015625,3209.7891427775194,3220.919970703125,3294.752122500249,3147.087818906001,52.303589294277145,22.556649239232684,20.70689389177678,1.849755347455904,2270316.85
2025-08-18,3350.0,3432.0,3335.300048828125,3383.10009765625,5787481,0.0,0.0,2025,August,Q3,Monday,34,3.6044649608772295,121.05640691343157,33.10009765625,Up,3230.45498046875,3161.2925927734377,3226.294948004065,3230.45498046875,3332.6043113936425,3128.3056495438573,67.55825360632875,33.717018205441036,23.30891875450963,10.408099450931406,2457671.85
2025-08-19,3400.0,3403.89990234375,3338.10009765625,3354.0,2596242,0.0,0.0,2025,August,Q3,Tuesday,34,-0.8601607051594518,120.01512727008432,-46.0,Down,3235.8199829101563,3167.116728515625,3238.45733390844,3235.8199829101563,3351.8849514169738,3119.755014403339,65.09176480906322,39.75528218980162,26.59819144156803,13.157090748233589,2465657.2
2025-08-20,3354.10009765625,3404.199951171875,3335.0,3395.60009765625,2957816,0.0,0.0,2025,August,Q3,Wednesday,34,1.240312989154746,121.50369048256577,41.5,Up,3242.739990234375,3174.1676904296874,3253.4233114082317,3242.739990234375,3378.9306208278485,3106.5493596409015,67.1504772020414,47.35159045565615,30.748871244385654,16.602719211270497,2520844.4
2025-08-21,3410.0,3410.0,3370.0,3375.10009765625,1964795,0.0,0.0,2025,August,Q3,Thursday,34,-0.603722447002808,120.77014542918572,-34.89990234375,Down,3248.0549926757812,3180.5467578125,3265.011576765186,3248.0549926757812,3396.292038763355,3099.8179465882076,65.38460194631007,51.12816712599033,34.824730420706594,16.303436705283737,2511094.15
2025-08-22,3380.0,3420.0,3375.39990234375,3403.0,2509867,0.0,0.0,2025,August,Q3,Friday,34,0.8266392562141789,121.76847886109033,23.0,Up,3255.1599975585937,3188.7040234375,3278.153331358978,3255.1599975585937,3418.809748974799,3091.5102461423885,72.43599685148249,55.72999955181058,39.00578424692739,16.724215304883188,2563117.2
2025-08-25,3428.0,3429.0,3381.800048828125,3398.89990234375,1859862,0.0,0.0,2025,August,Q3,Monday,35,-0.12048479742139406,121.62176635601143,-29.10009765625,Down,3262.7849975585937,3197.041181640625,3289.653004786099,3262.7849975585937,3438.483605447968,3087.0863896692194,69.62272766945044,58.37325078975482,42.87927755549288,15.493973234261944,2582317.5
2025-08-26,3395.0,3414.0,3318.10009765625,3330.800048828125,3122442,0.0,0.0,2025,August,Q3,Tuesday,35,-2.0035851443776287,119.18497071297271,-64.199951171875,Down,3268.834997558594,3203.6671435546873,3293.5717708853394,3268.834997558594,3445.1833945190488,3092.486600598139,60.54409808681399,54.34648494598878,45.17271903359206,9.173765912396718,2641463.6
2025-08-28,3375.0,3375.0,3287.300048828125,3295.300048828125,2936428,0.0,0.0,2025,August,Q3,Thursday,35,-1.0658099999875437,117.91468537663164,-79.699951171875,Down,3273.6300048828125,3209.90849609375,3293.7363687846523,3273.6300048828125,3447.2226441042762,3100.0373656613488,55.81874434016069,47.74036942798466,45.686249112470584,2.0541203155140764,2697051.35
2025-08-29,3271.0,3280.0,3187.0,3199.5,3017625,0.0,0.0,2025,August,Q3,Friday,35,-2.907172257718793,114.4867023555858,-71.5,Down,3273.160009765625,3213.56125,3284.7614765194476,3273.160009765625,3447.5396768579863,3098.780342673264,49.12386033986415,34.378418965447054,43.42468308306589,-9.046264117618833,2737949.9
2025-09-01,3191.10009765625,3324.89990234375,3191.10009765625,3315.39990234375,3525726,0.0,0.0,2025,September,Q3,Monday,36,3.6224379541725193,118.63391211419507,124.2998046875,Up,3278.775,3218.4665625,3287.679421836048,3278.775,3450.8732151263744,3106.676784873626,62.0393735855043,32.76345375908113,41.29243721826894,-8.528983459187806,2690943.25
2025-09-02,3325.0,3330.0,3223.0,3234.5,3073407,0.0,0.0,2025,September,Q3,Tuesday,36,-2.440125014377892,115.73909634916151,-90.5,Down,3282.5349975585937,3219.976162109375,3282.614714994519,3282.5349975585937,3446.7478179893496,3118.3221771278377,53.22043201715332,24.671241473006376,37.96819806921643,-13.296956596210052,2655540.75
2025-09-03,3269.0,3293.699951171875,3232.800048828125,3286.0,2672659,0.0,0.0,2025,September,Q3,Wednesday,36,1.5922089967537412,117.58190465399434,17.0,Up,3286.825,3223.4958837890626,3282.937123090279,3286.825,3446.3985457102904,3127.2514542897093,53.295166659840746,22.158297471403785,34.8062179496539,-12.647920478250114,2654973.1
2025-09-04,3527.0,3550.0,3463.39990234375,3481.5,7600320,0.0,0.0,2025,September,Q3,Thursday,36,5.949482653682292,124.57741967525297,-45.5,Down,3300.290002441406,3230.6260107421876,3301.847873272157,3300.290002441406,3477.790772033564,3122.7892328492485,61.0611619726039,35.5323920858591,34.95145277689494,0.5809393089641617,2944706.9
2025-09-05,3511.0,3577.800048828125,3481.5,3561.300048828125,3700943,0.0,0.0,2025,September,Q3,Friday,36,2.2921168699734373,127.43287972780706,50.300048828125,Up,3316.9800048828124,3238.0545654296875,3326.5576042774874,3316.9800048828124,3525.691703017663,3108.268306747962,65.34910786991833,51.97155965799311,38.35547415311457,13.61608550487854,3036438.0
2025-09-08,3561.300048828125,3561.300048828125,3561.300048828125,3561.300048828125,0,0.0,0.0,2025,September,Q3,Monday,37,0.0,127.43287972780706,0.0,Down,3334.4900024414064,3245.47716796875,3348.9140275680243,3334.4900024414064,3563.5670753304344,3105.4129295523785,60.529423390127334,64.25898086512916,43.53617549551749,20.72280536961167,2917706.95
2025-09-09,3702.199951171875,3723.800048828125,3673.10009765625,3696.300048828125,2879258,0.0,0.0,2025,September,Q3,Tuesday,37,3.7907505166385302,132.26354227445626,-5.89990234375,Down,3362.095007324219,3255.8477783203125,3381.9984105451767,3362.095007324219,3625.161110863461,3099.0289037849766,67.97605826553715,83.92281251328313,51.61350289907062,32.309309614212516,2975618.0
2025-09-10,3702.0,3708.89990234375,3591.39990234375,3604.39990234375,2298202,0.0,0.0,2025,September,Q3,Wednesday,37,-2.486273983994103,128.97510823257744,-97.60009765625,Down,3383.0050048828125,3264.7791796875,3403.1795050021838,3383.0050048828125,3653.5778715593265,3112.4321382062985,60.41499526283358,91.04149727575259,59.49910177440702,31.542395501345567,2988190.05
2025-09-11,3620.0,3647.89990234375,3580.0,3595.699951171875,1949934,0.0,0.0,2025,September,Q3,Thursday,37,-0.241370308722344,128.66380061566147,-24.300048828125,Down,3400.9650024414063,3273.677451171875,3421.5147855897735,3400.9650024414063,3678.1957273040794,3123.7342775787333,61.13466011188672,94.887291257985,66.57673967112262,28.310551586862374,2919887.85
2025-09-12,3594.89990234375,3641.0,3582.0,3589.89990234375,2839264,0.0,0.0,2025,September,Q3,Friday,37,-0.1613051396636922,128.45625929238176,-5.0,Down,3416.35,3282.675986328125,3437.551463375866,3416.35,3699.909128276696,3132.790871723304,59.64893662074084,96.35635910098881,72.53266355709587,23.82369554389294,2940049.6
2025-09-15,3590.0,3603.39990234375,3526.60009765625,3530.300048828125,2550444,0.0,0.0,2025,September,Q3,Monday,38,-1.6602093411215657,126.3236164763543,-59.699951171875,Down,3429.595007324219,3290.299990234375,3446.384661990367,3429.595007324219,3708.169396369989,3151.0206182784486,56.41602430725677,91.65485574482,76.3571019946407,15.297753750179297,2992135.75
2025-09-16,3545.0,3619.89990234375,3528.89990234375,3608.0,2465043,0.0,0.0,2025,September,Q3,Tuesday,38,2.200944681675643,129.10392939489097,63.0,Up,3440.8400024414063,3299.209990234375,3461.7765989436657,3440.8400024414063,3729.4866066538257,3152.193398228987,63.40944226283622,93.12512864193377,79.71070732409932,13.414421317834453,2826013.85
2025-09-17,3608.0,3644.89990234375,3593.10009765625,3633.199951171875,2237804,0.0,0.0,2025,September,Q3,Wednesday,38,0.6984465402404272,130.00565132306403,25.199951171875,Up,3454.8,3308.669990234375,3478.1026324892096,3454.8,3752.623200220608,3156.9767997793924,66.5103081616897,95.22604933979983,82.81377572723942,12.412273612560412,2808091.95
2025-09-18,3636.10009765625,3650.0,3603.300048828125,3642.199951171875,2480472,0.0,0.0,2025,September,Q3,Thursday,38,0.24771551582503104,130.32769549284063,6.099853515625,Up,3467.129992675781,3318.3559912109376,3493.730948554225,3467.129992675781,3774.886618043713,3159.373367307849,73.63588182495752,96.5048214040562,85.55198486260278,10.952836541453422,2784224.75
2025-09-19,3601.0,3636.699951171875,3584.5,3592.10009765625,4018342,0.0,0.0,2025,September,Q3,Friday,38,-1.3755382512567804,128.53498818935515,-8.89990234375,Down,3477.9799926757814,3326.6719921875,3503.0994389448942,3477.9799926757814,3787.37183849639,3168.588146855173,65.88953074625124,92.41036879327703,86.92366164873764,5.486707144539395,2886902.1
2025-09-22,3600.0,3616.60009765625,3569.300048828125,3584.800048828125,1664133,0.0,0.0,2025,September,Q3,Monday,39,-0.20322509478196693,128.27377283777935,-15.199951171875,Down,3487.0699951171873,3335.1199951171875,3510.880449409964,3487.0699951171873,3797.865817396018,3176.2741728383567,71.97341068895695,87.56701463280751,87.05233224555161,0.5146823872559025,2844615.4
2025-09-23,3610.0,3679.199951171875,3606.800048828125,3614.60009765625,2523224,0.0,0.0,2025,September,Q3,Tuesday,39,0.8312890097696535,129.3400986137967,4.60009765625,Up,3497.8550048828124,3345.947998046875,3520.7585111477056,3497.8550048828124,3810.731418360094,3184.978591405531,71.18907267482317,85.15166111294184,86.67219801902966,-1.5205369060878269,2877783.5
2025-09-24,3614.5,3626.300048828125,3568.0,3574.89990234375,1320014,0.0,0.0,2025,September,Q3,Wednesday,39,-1.0983288397032331,127.91951900942075,-39.60009765625,Down,3510.0599975585938,3355.603994140625,3525.9148341187574,3510.0599975585938,3814.4263484833496,3205.693646633838,57.53711165452137,79.12193367372583,85.1621451499689,-6.0402114762430585,2787662.1
2025-09-25,3579.89990234375,3584.10009765625,3521.800048828125,3530.0,2106344,0.0,0.0,2025,September,Q3,Thursday,39,-1.255976490819033,126.31287992349365,-49.89990234375,Down,3521.7949951171877,3363.6319921875,3526.3038975360187,3521.7949951171877,3808.906278785931,3234.6837114484442,47.32340931742919,69.91435519479683,82.11258715893447,-12.198231964137648,2746157.9
2025-09-26,3510.0,3547.5,3391.60009765625,3396.5,3046760,0.0,0.0,2025,September,Q3,Friday,39,-3.7818696883852643,121.53589140514056,-113.5,Down,3531.6449951171876,3367.6319921875,3513.941621580207,3531.6449951171876,3783.559995682193,3279.7299945521822,38.526868558037116,51.25412299398522,75.94089432594464,-24.68677133195942,2747614.65
2025-09-29,3419.0,3458.0,3405.0,3418.10009765625,3175716,0.0,0.0,2025,September,Q3,Monday,40,0.6359516459958803,122.30880090700731,-0.89990234375,Down,3536.7800048828126,3372.093994140625,3504.813857396973,3536.7800048828126,3773.886990620154,3299.6730191454712,27.000667269213864,37.77327509420138,68.30737047959599,-30.534095385394608,2730114.15
2025-09-30,3420.0,3454.0,3393.10009765625,3427.0,2611078,0.0,0.0,2025,September,Q3,Tuesday,40,0.26037570841921376,122.62726331382798,7.0,Up,3546.4050048828126,3376.78599609375,3497.4030138353564,3546.4050048828126,3744.2190155493945,3348.5909942162307,33.001152860722826,27.49085627029217,60.144067637735226,-32.653211367443056,2706997.7
2025-10-01,3419.199951171875,3501.0,3415.5,3463.39990234375,2364844,0.0,0.0,2025,October,Q4,Wednesday,40,1.0621506374015155,123.92974957274386,44.199951171875,Up,3555.275,3381.1199951171875,3494.1646222647273,3555.275,3716.438442758172,3394.111557241828,37.96177364799571,22.025239928323117,52.520302095852806,-30.49506216752969,2691606.95
2025-10-03,3462.10009765625,3492.39990234375,3404.199951171875,3462.0,2357702,0.0,0.0,2025,October,Q4,Friday,40,-0.04041988748693104,123.87965730740372,-0.10009765625,Down,3554.3,3385.21599609375,3491.101324906182,3554.3,3717.564928446418,3391.0350715535824,38.26820821882468,17.380388875958488,45.492319451873946,-28.11193057591546,2429476.05
2025-10-06,3462.0,3480.0,3425.10009765625,3472.0,1156082,0.0,0.0,2025,October,Q4,Monday,41,0.2888503755054783,124.23748416271106,10.0,Up,3549.834997558594,3389.2799951171874,3489.282151105593,3549.834997558594,3717.1285557875412,3382.5414393296464,44.11704565555116,14.340914246602097,39.26203841081958,-24.92112416421748,2302233.0
2025-10-07,3468.10009765625,3521.39990234375,3465.10009765625,3492.800048828125,1508939,0.0,0.0,2025,October,Q4,Tuesday,41,0.5990797473538256,124.98176576895177,24.699951171875,Up,3546.4099975585937,3393.917998046875,3489.6171889839293,3546.4099975585937,3715.5102885380566,3377.3097065791308,36.867306241841796,13.455393412209105,34.10070941109748,-20.64531599888838,2377679.95
2025-10-08,3500.0,3509.699951171875,3422.60009765625,3426.5,1444911,0.0,0.0,2025,October,Q4,Wednesday,41,-1.8981919348738385,122.60937197106261,-73.5,Down,3532.9199951171877,3397.52,3483.606028128317,3532.9199951171877,3694.554795742026,3371.2851944923495,28.45528744927732,7.319378682025672,28.744443265283124,-21.425064583257452,2305962.6
2025-10-09,3450.0,3475.0,3424.0,3442.89990234375,1997853,0.0,0.0,2025,October,Q4,Thursday,41,0.4786196510652374,123.19620451936379,-7.10009765625,Down,3524.8449951171874,3402.1819970703127,3479.7292542440723,3524.8449951171874,3687.576753178191,3362.1132370561836,29.542177297972444,3.7368023290237034,23.74291507803124,-20.006112749007535,2290945.15
2025-10-10,3425.0,3473.89990234375,3395.699951171875,3454.89990234375,1416272,0.0,0.0,2025,October,Q4,Friday,41,0.348543389014333,123.62559674573261,29.89990234375,Up,3517.8049926757812,3407.2919970703124,3477.364554063089,3517.8049926757812,3679.8110859047856,3355.798899446777,34.72158181375279,1.844620829332598,19.36325622829151,-17.518635398958914,2264262.05
2025-10-13,3432.0,3470.0,3432.0,3459.699951171875,1090517,0.0,0.0,2025,October,Q4,Monday,42,0.1389345267244657,123.7973553834816,27.699951171875,Up,3511.2949951171877,3412.307998046875,3475.6822109305926,3511.2949951171877,3671.557474647471,3351.0325155869045,35.991030497620386,0.7240310044189755,15.635411183517006,-14.91138017909803,2176824.7
2025-10-14,3469.89990234375,3487.10009765625,3428.0,3459.800048828125,1518505,0.0,0.0,2025,October,Q4,Tuesday,42,0.002893246745760969,123.80093714643756,-10.099853515625,Down,3507.7699951171876,3417.4419970703125,3474.169624063691,3507.7699951171876,3669.368145879426,3346.1718443549494,31.429938736408403,-0.1541900539687049,12.477490936019866,-12.63168098998857,2125227.75
2025-10-15,3461.0,3500.0,3460.0,3497.199951171875,1319445,0.0,0.0,2025,October,Q4,Wednesday,42,1.0809845024546405,125.13920609088416,36.199951171875,Up,3502.2299926757814,3424.1999951171874,3476.362988550185,3502.2299926757814,3656.8045602547804,3347.6554250967824,40.627262130615605,2.142970159091419,10.410586780634176,-8.267616621542757,2067947.85
2025-10-16,3503.0,3573.199951171875,3498.300048828125,3560.800048828125,2125552,0.0,0.0,2025,October,Q4,Thursday,42,1.8186005531350302,127.41498838504177,57.800048828125,Up,3498.609997558594,3431.4119970703123,3484.40461333856,3498.609997558594,3643.348160155649,3353.8718349615388,53.55494601797691,8.991830308180397,10.12683548614342,-1.1350051779630235,2062335.25
2025-10-17,3561.0,3656.0,3560.10009765625,3647.199951171875,3339579,0.0,0.0,2025,October,Q4,Friday,42,2.4264182531727574,130.50660892049436,86.199951171875,Up,3498.859997558594,3440.1119970703126,3499.9089312274473,3498.859997558594,3644.6558491839314,3353.0641459332564,82.46568845975094,21.14757528080645,12.330983445076027,8.816591835730422,2105290.6
2025-10-20,3674.0,3676.0,3593.0,3599.10009765625,2827250,0.0,0.0,2025,October,Q4,Monday,43,-1.318815917952898,128.78546698807037,-74.89990234375,Down,3499.209997558594,3447.5439990234377,3509.3557089825713,3499.209997558594,3645.9786702301185,3352.441324887069,71.93409735338531,26.59328373639528,15.18344350333988,11.409840233055398,2045736.0
2025-10-21,3608.199951171875,3628.10009765625,3604.300048828125,3621.199951171875,286950,0.0,0.0,2025,October,Q4,Tuesday,43,0.614038312799825,129.57625909669528,13.0,Up,3501.029992675781,3455.74599609375,3520.0075415720285,3501.029992675781,3653.075415134842,3348.9845702167204,72.80415119762625,32.319758348300184,18.61070647233194,13.709051875968242,1976876.85
2025-10-23,3632.10009765625,3650.0,3600.0,3623.60009765625,3724956,0.0,0.0,2025,October,Q4,Thursday,43,0.06628041855567535,129.66214278357336,-8.5,Down,3501.4799926757814,3465.3339990234376,3529.8734992943355,3501.4799926757814,3654.986935238295,3347.973050113268,70.44413925120202,36.62946087377895,22.214457352621345,14.415003521157608,2036963.45
2025-10-24,3630.0,3655.300048828125,3615.10009765625,3625.0,1654500,0.0,0.0,2025,October,Q4,Friday,43,0.03863291494707877,129.7122350489135,-5.0,Down,3503.984997558594,3474.11,3538.9331660282087,3503.984997558594,3664.032371995826,3343.937623121362,70.8014396701919,39.700251804368236,25.711616242970724,13.988635561397512,2053687.75
2025-10-27,3626.800048828125,3635.300048828125,3593.0,3611.60009765625,1440893,0.0,0.0,2025,October,Q4,Monday,44,-0.3696524784482791,129.23275055720453,-15.199951171875,Down,3508.0650024414062,3481.612001953125,3545.8538261832605,3508.0650024414062,3674.9203261110742,3341.2096787717383,67.66196876826268,40.58477953391048,28.686248901158677,11.8985306327518,2020415.2
2025-10-28,3605.0,3624.89990234375,3562.0,3579.10009765625,2851093,0.0,0.0,2025,October,Q4,Tuesday,44,-0.8998781460076599,128.06981327745567,-25.89990234375,Down,3517.1950073242188,3487.5500048828126,3549.0201377521166,3517.1950073242188,3678.2281295297857,3356.1618851186518,60.60458605559259,38.22268838715445,30.59353679835783,7.629151588796617,2010631.85
2025-10-29,3580.0,3583.5,3522.10009765625,3534.699951171875,2526473,0.0,0.0,2025,October,Q4,Wednesday,44,-1.2405393890338567,126.48105679828672,-45.300048828125,Down,3523.025,3492.936005859375,3547.6563104587603,3523.025,3677.251259808906,3368.798740191094,64.05195062141755,32.39456895561898,30.953743229810065,1.4408257258089137,1978169.7
2025-10-30,3540.0,3550.0,3496.0,3502.10009765625,2103351,0.0,0.0,2025,October,Q4,Thursday,44,-0.9222806452020671,125.31454649158908,-37.89990234375,Down,3526.7800048828126,3495.316005859375,3543.3176235251876,3526.7800048828126,3674.689871426245,3378.87013833938,57.37789612940679,24.85865152561246,29.734724888970547,-4.876073363358088,1952783.35
2025-10-31,3516.10009765625,3526.699951171875,3483.699951171875,3487.199951171875,1915577,0.0,0.0,2025,October,Q4,Friday,44,-0.4254631812022347,124.78137923557682,-28.900146484375,Down,3527.970007324219,3497.9800048828124,3537.9730833010626,3527.970007324219,3674.1051517603078,3381.83486288813,53.996543001329755,17.48253756288659,27.28428742375376,-9.801749860867169,1930320.0
2025-11-03,3511.0,3590.0,3511.0,3548.89990234375,1776510,0.0,0.0,2025,November,Q4,Monday,45,1.7693264520475926,126.9891691856217,37.89990234375,Up,3532.3150024414062,3501.0460009765625,3539.0137327336993,3532.3150024414062,3675.3254702767117,3389.304534606101,59.67462021813791,16.426233126451734,25.11267656429336,-8.686443437841625,1901260.4
2025-11-04,3548.60009765625,3632.800048828125,3537.199951171875,3581.199951171875,3494428,0.0,0.0,2025,November,Q4,Tuesday,45,0.9101425714146849,128.14495167546588,32.599853515625,Up,3537.775,3505.167998046875,3543.0314678230498,3537.775,3679.4213931588447,3396.1286068411555,62.307377783585935,17.98809271238315,23.68775979391132,-5.699667081528169,2018177.7
2025-11-06,3625.0,3674.699951171875,3586.300048828125,3618.5,4535984,0.0,0.0,2025,November,Q4,Thursday,45,1.0415516959872528,129.47964759296374,-6.5,Down,3544.0599975585938,3509.477998046875,3550.2189470779977,3544.0599975585938,3688.432566615679,3399.6874285015083,62.29974496679518,21.98228183622723,23.3466642023745,-1.3643823661472716,2169529.95
2025-11-07,3615.60009765625,3718.0,3566.800048828125,3690.199951171875,2595934,0.0,0.0,2025,November,Q4,Friday,45,1.9814826909458239,132.04526439831596,74.599853515625,Up,3557.2449951171875,3515.3039990234374,3563.5504712774145,3557.2449951171875,3704.5477507353826,3409.9422394989924,62.909016159468926,30.580776179602253,24.793486597820053,5.7872895817822005,2227081.1
2025-11-10,3690.199951171875,3715.800048828125,3645.10009765625,3663.89990234375,1620889,0.0,0.0,2025,November,Q4,Monday,46,-0.7126998313403909,131.1041780216562,-26.300048828125,Down,3568.2949951171877,3521.96599609375,3573.107559950399,3568.2949951171877,3712.607815136776,3423.9821750975993,51.8929898795901,34.87097980502176,26.808985239260394,8.061994565761367,2208232.9
2025-11-11,3699.89990234375,3759.0,3670.0,3749.10009765625,3044040,0.0,0.0,2025,November,Q4,Tuesday,46,2.32539636953506,134.15286981768057,49.2001953125,Up,3583.0050048828125,3531.0419970703124,3589.868754017623,3583.0050048828125,3738.2153903855033,3427.7946193801217,65.6838078978592,44.63145714553548,30.37347962051541,14.257977525020067,2289621.3
2025-11-12,3761.0,3781.0,3740.0,3754.300048828125,1984901,0.0,0.0,2025,November,Q4,Wednesday,46,0.13869864864706205,134.33893803523895,-6.699951171875,Down,3597.735009765625,3542.137998046875,3605.528877332909,3597.735009765625,3759.454160622001,3436.015858909249,64.4266218431891,52.184745102435045,34.735732716899335,17.44901238553571,2334340.5
2025-11-13,3748.199951171875,3754.10009765625,3690.199951171875,3699.5,1599079,0.0,0.0,2025,November,Q4,Thursday,46,-1.4596608719441684,132.37804512095326,-48.699951171875,Down,3609.720007324219,3549.82,3614.478508063108,3609.720007324219,3763.7428383653146,3455.697176283123,57.387567985795464,53.1363514857685,38.41585647067317,14.72049501509533,2338369.2
2025-11-14,3700.0,3716.800048828125,3660.5,3698.60009765625,1847028,0.0,0.0,2025,November,Q4,Friday,46,-0.024324972124611932,132.34584419837847,-1.39990234375,Down,3619.7900146484376,3559.102001953125,3622.49008802436,3619.7900146484376,3769.100860138676,3470.479169158199,57.170700472106525,53.20458249388457,41.373601675315456,11.830980818569117,2364748.35
2025-11-17,3710.0,3754.5,3682.300048828125,3734.89990234375,2094008,0.0,0.0,2025,November,Q4,Monday,47,0.9814471348362996,133.64474869433838,24.89990234375,Up,3628.495007324219,3568.08,3633.1957846262067,3628.495007324219,3783.516325374577,3473.473689273861,61.49969989061263,55.547430723246634,44.2083674849017,11.339063238344934,2363171.15
2025-11-18,3718.5,3732.699951171875,3688.0,3694.800048828125,2613743,0.0,0.0,2025,November,Q4,Tuesday,47,-1.0736526965678839,132.20986824616023,-23.699951171875,Down,3630.8750122070314,3572.3460009765627,3639.0628574073417,3630.8750122070314,3788.5444453007703,3473.2055791132925,60.64005532118392,53.55112770827327,46.07691952957602,7.474208178697253,2326879.35
2025-11-19,3695.0,3746.5,3667.800048828125,3722.5,1626043,0.0,0.0,2025,November,Q4,Wednesday,47,0.7497009528475207,133.20104688816014,27.5,Up,3637.0450073242187,3575.57,3647.009251939976,3637.0450073242187,3799.0764886876345,3475.013525960803,67.81784969917877,53.5864860924944,47.57883284215969,6.007653250334705,2266819.0
2025-11-20,3744.800048828125,3759.0,3711.10009765625,3716.699951171875,1815617,0.0,0.0,2025,November,Q4,Thursday,47,-0.15581057966755907,132.99350556488045,-28.10009765625,Down,3641.8200073242188,3578.677998046875,3653.646461390633,3641.8200073242188,3807.4736004196716,3476.166414228766,71.45140688367299,52.54083436629344,48.571233146986444,3.9696012193069947,2343252.35
2025-11-21,3730.0,3779.0,3726.0,3749.60009765625,3184145,0.0,0.0,2025,November,Q4,Friday,47,0.8851978076412026,134.17076116044595,19.60009765625,Up,3648.120007324219,3579.7439990234375,3662.7849029397394,3648.120007324219,3820.3108861489036,3475.9291284995343,75.31842639998078,53.74734872353565,49.60645626229629,4.1408924612393605,2316211.8
2025-11-24,3745.10009765625,3749.5,3677.199951171875,3690.800048828125,4059935,0.0,0.0,2025,November,Q4,Monday,48,-1.568168532555747,132.0667375040373,-54.300048828125,Down,3651.410009765625,3581.472001953125,3665.453012071967,3651.410009765625,3824.2541062026016,3478.5659133286485,63.76869134857242,49.389515920572194,49.56306819395147,-0.17355227337927914,2436483.55
2025-11-25,3687.0,3695.800048828125,3653.0,3669.300048828125,1714176,0.0,0.0,2025,November,Q4,Tuesday,48,-0.5825295251859153,131.2974097651265,-17.699951171875,Down,3654.2950073242187,3582.94400390625,3665.8193965249343,3654.2950073242187,3826.2652606421047,3482.3247540063326,58.731426923315155,43.69731624964015,48.38991780508921,-4.692601555449059,2450147.7
2025-11-26,3681.0,3708.0,3669.300048828125,3686.39990234375,2116524,0.0,0.0,2025,November,Q4,Wednesday,48,0.466024944487331,131.90928844609772,5.39990234375,Up,3659.6599975585937,3584.87400390625,3667.779444698155,3659.6599975585937,3828.4178031882666,3490.9021919289207,57.0101104405321,40.103731417539166,46.732680527579205,-6.62894911004004,2413419.25
2025-11-27,3701.5,3717.60009765625,3665.0,3681.199951171875,1993274,0.0,0.0,2025,November,Q4,Thursday,48,-0.14105770696687392,131.72322022853936,-20.300048828125,Down,3666.984997558594,3587.892001953125,3669.057588171843,3666.984997558594,3825.299826782662,3508.670168334526,48.92292912789515,36.41641122577175,44.66942666721772,-8.253015441445967,2386759.3
2025-11-28,3692.0,3768.89990234375,3690.10009765625,3757.300048828125,2944457,0.0,0.0,2025,November,Q4,Friday,48,2.067263356124527,134.44628609183115,65.300048828125,Up,3679.7449951171875,3590.8780029296877,3677.4616320438695,3679.7449951171875,3822.474372456389,3537.015617777986,59.98718731220197,39.1831463731678,43.57217060840774,-4.389024235239937,2428814.6
2025-12-01,3790.0,3795.0,3730.0,3741.60009765625,1830158,0.0,0.0,2025,December,Q4,Monday,49,-0.4178519406979886,133.88449967620005,-48.39990234375,Down,3692.4650024414063,3593.046005859375,3683.5700573402864,3692.4650024414063,3805.11905605121,3579.8109488316027,49.058024697414965,39.651867020542795,42.78810989083475,-3.1362428702919516,2424543.65
2025-12-02,3722.800048828125,3748.0,3705.5,3716.5,2285922,0.0,0.0,2025,December,Q4,Tuesday,49,-0.6708385984908638,132.98635077497573,-6.300048828125,Down,3700.845007324219,3594.5320068359374,3686.706242355497,3700.845007324219,3791.2757875169846,3610.414227131453,45.47846041794797,37.56493817601586,41.74347554787097,-4.178537371855114,2450014.25
2025-12-03,3736.0,3740.0,3640.0,3649.39990234375,2002476,0.0,0.0,2025,December,Q4,Wednesday,49,-1.8054647559868187,130.58532908146054,-86.60009765625,Down,3704.2550048828125,3595.6780029296874,3683.153257592474,3704.2550048828125,3779.5694981096244,3628.9405116560006,44.178466140295534,30.149075157998595,39.424595469896495,-9.2755203118979,2375416.65
2025-12-04,3675.0,3678.199951171875,3620.199951171875,3671.60009765625,1984001,0.0,0.0,2025,December,Q4,Thursday,49,0.6083245439405749,131.37971168904863,-3.39990234375,Down,3706.910009765625,3597.41400390625,3682.052956646167,3706.910009765625,3772.628287784715,3641.191731746535,47.01062952154719,25.766302617153087,36.69293689934781,-10.926634282194726,2247817.5
2025-12-05,3659.300048828125,3721.5,3642.5,3717.10009765625,2393280,0.0,0.0,2025,December,Q4,Friday,49,1.239241714506023,133.00782388069706,57.800048828125,Up,3708.255017089844,3599.46400390625,3685.3907795995083,3708.255017089844,3773.6335396399923,3642.8764945396956,48.06859880960328,25.66850301828981,34.48805012313621,-8.8195471048464,2237684.8
2025-12-08,3720.0,3725.0,3671.60009765625,3681.699951171875,1500195,0.0,0.0,2025,December,Q4,Monday,50,-0.952359246572243,131.7411115713047,-38.300048828125,Down,3709.14501953125,3601.6000048828123,3685.03927213021,3709.14501953125,3772.4323700364457,3645.8576690260543,48.56390256226889,22.47541753873702,32.08552360625637,-9.610106067519354,2231650.1
2025-12-09,3658.0,3674.39990234375,3604.5,3635.89990234375,3901255,0.0,0.0,2025,December,Q4,Tuesday,50,-1.2439918905816083,130.10226282679562,-22.10009765625,Down,3703.485009765625,3603.7180029296874,3680.3593321505473,3703.485009765625,3771.7767156644923,3635.1933038667576,40.86883458286611,16.064017127855095,28.88122231057612,-12.817205182721025,2274510.85
2025-12-10,3660.0,3694.89990234375,3626.199951171875,3630.0,1593915,0.0,0.0,2025,December,Q4,Wednesday,50,-0.16226800798192498,129.89114847656717,-30.0,Down,3697.2700073242186,3608.3880029296874,3675.5632052790666,3697.2700073242186,3768.644777387655,3625.8952372607823,40.86023055125892,10.387126965094922,25.182403241479882,-14.79527627638496,2254961.55
2025-12-11,3623.39990234375,3669.10009765625,3615.89990234375,3665.199951171875,981456,0.0,0.0,2025,December,Q4,Thursday,50,0.9696956245695665,131.1506972600476,41.800048828125,Up,3695.5550048828127,3613.33,3674.5762286974295,3695.5550048828127,3768.338592570726,3622.771417194899,41.14560575364148,8.629022492710192,21.871727091725948,-13.242704599015756,2224080.4
2025-12-12,3665.39990234375,3695.0,3661.300048828125,3679.60009765625,1078982,0.0,0.0,2025,December,Q4,Friday,50,0.3928884283590284,131.6659731732945,14.2001953125,Up,3694.6050048828124,3618.382001953125,3675.0546924077935,3694.6050048828124,3767.7164943665916,3621.493515399033,48.704310529386944,8.301983409194236,19.157778355219605,-10.85579494602537,2185678.1
2025-12-15,3632.0,3665.39990234375,3603.60009765625,3608.0,1704069,0.0,0.0,2025,December,Q4,Monday,51,-1.9458662831826845,129.10392939489103,-24.0,Down,3688.260009765625,3621.27400390625,3668.668531226099,3688.260009765625,3768.341147366872,3608.178872164378,43.645036226216824,2.239458007546091,15.774114285684902,-13.534656278138812,2166181.15
2025-12-16,3581.0,3633.5,3577.89990234375,3621.0,1394406,0.0,0.0,2025,December,Q4,Tuesday,51,0.3603104212860364,129.5691043067906,40.0,Up,3684.5700073242188,3624.45400390625,3664.128671109327,3684.5700073242188,3770.0045132214614,3599.135501426976,43.16187694962501,-1.4988676832904275,12.319517891889838,-13.818385575180265,2105214.3
2025-12-17,3647.89990234375,3647.89990234375,3594.0,3612.800048828125,1209367,0.0,0.0,2025,December,Q4,Wednesday,51,-0.22645543142433278,129.27568803264,-35.099853515625,Down,3679.085009765625,3627.2700048828124,3659.2402308920696,3679.085009765625,3768.269677935658,3589.9003415955917,42.89278832347876,-5.064801378616721,8.842654037788527,-13.907455416405249,2084380.5
2025-12-18,3600.0,3611.89990234375,3540.10009765625,3586.60009765625,2446168,0.0,0.0,2025,December,Q4,Thursday,51,-0.7251979300756828,128.33818341893618,-13.39990234375,Down,3672.5800170898438,3629.146005859375,3652.322122964849,3672.5800170898438,3768.9054801720304,3576.254554007657,30.211020334460343,-9.890930135062717,5.095937203218279,-14.986867338280996,2115908.05
2025-12-19,3571.0,3615.0,3560.0,3603.60009765625,1647819,0.0,0.0,2025,December,Q4,Friday,51,0.4739864924196313,128.94648907295868,32.60009765625,Up,3665.2800170898436,3632.6880078125,3647.681930078316,3665.2800170898436,3759.1260970686544,3571.4339371110327,34.04995225550415,-12.20324263501243,1.6361012355721374,-13.839343870584567,2039091.75
2025-12-22,3600.0,3625.0,3576.89990234375,3616.699951171875,1400786,0.0,0.0,2025,December,Q4,Monday,52,0.36352128872860767,129.41523701180697,16.699951171875,Up,3661.5750122070312,3636.1640087890623,3644.73126542056,3661.5750122070312,3757.0162275301022,3566.1337968839603,38.13600003250561,-12.83081263076383,-1.2572815376950561,-11.573531093068775,1906134.3
2025-12-23,3619.199951171875,3637.5,3605.0,3625.10009765625,1413628,0.0,0.0,2025,December,Q4,Tuesday,52,0.2322599772661027,129.71581681186947,5.900146484375,Up,3659.3650146484374,3639.5680126953125,3642.8616303953872,3659.3650146484374,3756.0913599766745,3562.6386693202003,46.64274959118801,-12.506181282461966,-3.507061486648438,-8.999119795813527,1891106.9
2025-12-24,3624.60009765625,3658.0,3612.10009765625,3636.699951171875,842897,0.0,0.0,2025,December,Q4,Wednesday,52,0.3199871232004048,130.13089072242167,12.099853515625,Up,3656.880017089844,3643.1080126953125,3642.274803802672,3656.880017089844,3753.2348969269633,3560.5251372527246,45.032715395173476,-11.183975458101486,-5.042444280939048,-6.141531177162438,1827425.55
2025-12-26,3636.699951171875,3647.0,3614.60009765625,3623.10009765625,829910,0.0,0.0,2025,December,Q4,Friday,52,-0.3739613852730028,129.644251440808,-13.599853515625,Down,3653.9750244140623,3646.374013671875,3640.4486413125364,3653.9750244140623,3750.745064078675,3557.2049847494495,35.28490470563237,-11.105495101708584,-6.255054445092956,-4.850440656615628,1769257.35
2025-12-29,3622.699951171875,3640.199951171875,3588.10009765625,3592.10009765625,1034692,0.0,0.0,2025,December,Q4,Monday,1,-0.8556208540871801,128.53498818935523,-30.599853515625,Down,3645.7150268554688,3648.2720166015624,3635.8440181071755,3645.7150268554688,3733.0968115850956,3558.333242125842,35.77779000634766,-13.390383767193725,-7.68212030951311,-5.708263457680616,1673769.1
2025-12-30,3590.0,3666.0,3575.199951171875,3660.300048828125,2063179,0.0,0.0,2025,December,Q4,Tuesday,1,1.8986094295193379,130.9753655953499,70.300048828125,Up,3641.6500244140625,3650.2620166015627,3638.1731638901233,3641.6500244140625,3716.98405754726,3566.315991280865,53.61591155935395,-9.58748979319671,-8.063194206249829,-1.5242955869468808,1685420.15
2025-12-31,3653.0,3723.60009765625,3640.39990234375,3709.199951171875,1868363,0.0,0.0,2025,December,Q4,Wednesday,1,1.3359533833682713,132.72513542339993,56.199951171875,Up,3641.285021972656,3651.5020166015624,3644.9376198217187,3641.285021972656,3715.1484632932384,3567.4215806520738,60.4100975729037,-2.5979084038890505,-6.9701370457776735,4.372228641888623,1664542.2
2026-01-01,3725.0,3774.0,3721.10009765625,3761.0,1498161,0.0,0.0,2026,January,Q1,Thursday,1,1.3965288879010052,134.57868028109345,36.0,Up,3646.865026855469,3654.7400146484374,3655.991179838698,3646.865026855469,3738.123114795196,3555.6069389157415,62.065504753365545,7.040062772357942,-4.168097082150551,11.208159854508493,1639326.45
2026-01-02,3759.89990234375,3812.0,3743.199951171875,3802.39990234375,1478292,0.0,0.0,2026,January,Q1,Friday,1,1.1007684749734015,136.06007996766297,42.5,Up,3653.4050170898436,3658.364013671875,3669.934867696322,3653.4050170898436,3767.9126842556084,3538.8973499240788,64.48112571989898,17.813507467524687,0.2282238277844968,17.58528363974019,1614041.0
2026-01-05,3805.89990234375,3839.89990234375,3785.0,3790.300048828125,1574098,0.0,0.0,2026,January,Q1,Monday,2,-0.31821622728758214,135.6271147143454,-15.599853515625,Down,3657.0650146484377,3661.6980126953126,3681.398218280303,3657.0650146484377,3784.1350761540803,3529.994953142795,75.00691565711469,25.086007076821716,5.199780477591942,19.886226599229772,1573081.9
2026-01-06,3788.0,3819.10009765625,3758.10009765625,3785.60009765625,1299489,0.0,0.0,2026,January,Q1,Tuesday,2,-0.12399944889134318,135.4589378395524,-2.39990234375,Down,3662.2600219726564,3664.9100146484375,3691.322206792298,3662.2600219726564,3801.4848896597446,3523.0351542855683,73.10506157675985,30.123029103707722,10.184430202815099,19.93859890089262,1563046.6
2026-01-07,3800.0,3808.60009765625,3718.5,3748.800048828125,1046776,0.0,0.0,2026,January,Q1,Wednesday,2,-0.9721060830199302,134.1421332648199,-51.199951171875,Down,3667.905029296875,3667.654013671875,3696.796286986186,3667.905029296875,3811.7096673556694,3524.1003912380806,67.67154906486614,30.790515068925288,14.305647176037137,16.48486789288815,1420322.65
2026-01-08,3730.0,3756.800048828125,3693.199951171875,3724.0,1261005,0.0,0.0,2026,January,Q1,Thursday,2,-0.6615463216257056,133.25472091645625,-6.0,Down,3672.605029296875,3670.55201171875,3699.387116797025,3672.605029296875,3817.334890651335,3527.8751679424145,67.91863749710265,28.98423362439962,17.241364465709633,11.742869158689988,1403677.15
2026-01-09,3712.10009765625,3748.5,3667.10009765625,3677.300048828125,1235928,0.0,0.0,2026,January,Q1,Friday,2,-1.254026615786119,131.58367124937237,-34.800048828125,Down,3673.2100341796877,3673.404013671875,3697.283586514273,3673.2100341796877,3817.9107183920028,3528.5093499673726,58.92036606375088,23.51339896754871,18.49577136607745,5.017627601471261,1416400.75
2026-01-12,3675.300048828125,3717.0,3598.800048828125,3682.0,1665237,0.0,0.0,2026,January,Q1,Monday,3,0.12780983627846965,131.7518481241654,6.699951171875,Up,3673.330029296875,3677.00201171875,3695.828006846247,3673.330029296875,3818.057003224742,3528.6030553690084,58.06772121239177,19.33409841572029,18.663436776006016,0.6706616397142753,1445713.5
2026-01-13,3717.0,3717.0,3631.5,3661.5,1700985,0.0,0.0,2026,January,Q1,Tuesday,3,-0.5567626290059802,131.01830307078532,-55.5,Down,3676.005029296875,3680.4880126953126,3692.55867286089,3676.005029296875,3817.5914061551034,3534.4186524386464,54.366598133797254,14.20405840029116,17.771561100863046,-3.567502700571886,1445559.3
2026-01-14,3663.0,3682.0,3635.10009765625,3649.5,1573135,0.0,0.0,2026,January,Q1,Wednesday,3,-0.32773453502662475,130.58891084441652,-13.5,Down,3677.430029296875,3682.5000146484376,3688.4578468741383,3677.430029296875,3817.2480959416325,3537.6119626521177,51.534044260200865,9.065661711276334,16.030381222945703,-6.964719511669369,1454495.75
2026-01-15,3649.5,3649.5,3649.5,3649.5,0,0.0,0.0,2026,January,Q1,Thursday,3,0.0,130.58891084441652,0.0,Down,3679.265026855469,3683.866015625,3684.747575743268,3679.265026855469,3816.450183104549,3542.079870606389,53.27055598302386,4.936539955367152,13.811612969429994,-8.875073014062842,1394027.4
2026-01-16,3650.10009765625,3729.89990234375,3650.10009765625,3658.199951171875,2089943,0.0,0.0,2026,January,Q1,Friday,3,0.23838748244622288,130.90021846133246,8.099853515625,Up,3682.84501953125,3684.6600146484375,3682.2192305459926,3682.84501953125,3813.4263231502982,3552.2637159122014,58.667706490511286,2.339229385897397,11.517136252723477,-9.17790686682608,1376216.15
2026-01-19,3689.0,3689.0,3614.0,3657.39990234375,1715818,0.0,0.0,2026,January,Q1,Monday,4,-0.021870013635227892,130.87159056570644,-31.60009765625,Down,3685.535009765625,3684.004013671875,3679.855485002922,3685.535009765625,3811.373243815726,3559.6967757155244,49.538045612891636,0.21382000887342656,9.256473003953467,-9.04265299508004,1379616.1
2026-01-20,3646.0,3677.5,3540.0,3557.5,1753439,0.0,0.0,2026,January,Q1,Tuesday,4,-2.7314459728544294,127.29690377558892,-88.5,Down,3682.5750122070312,3681.876015625,3668.2025816693103,3682.5750122070312,3817.6749418343215,3547.475082579741,29.213470366224655,-9.423046442243503,5.520569114714073,-14.943615556957576,1397248.75
2026-01-21,3543.0,3586.699951171875,3517.10009765625,3553.300048828125,1587467,0.0,0.0,2026,January,Q1,Wednesday,4,-0.1180590631588152,127.14661824356126,10.300048828125,Up,3678.985009765625,3677.9600146484377,3657.259483303483,3678.985009765625,3823.9698330610895,3534.0001864701603,17.27068407943929,-17.20095163056476,0.9762649656583067,-18.177216596223065,1405940.7
2026-01-22,3600.0,3620.0,3533.39990234375,3573.699951171875,2107171,0.0,0.0,2026,January,Q1,Thursday,4,0.5741114474832498,127.87658153398537,-26.300048828125,Down,3675.835009765625,3674.3480126953127,3649.3014326242824,3675.835009765625,3827.2815871566354,3524.3884323746142,11.407308409474624,-21.471387113872424,-3.5132654502478395,-17.958121663624585,1469154.4
2026-01-23,3573.699951171875,3596.0,3534.800048828125,3543.39990234375,1922549,0.0,0.0,2026,January,Q1,Friday,4,-0.8478621384593099,126.79236441520267,-30.300048828125,Down,3671.85,3671.2260107421876,3639.2155725975654,3671.85,3833.0212350151146,3510.678764984885,10.747164046325423,-26.989579639916883,-8.208528288181649,-18.781051351735236,1523786.35
2026-01-27,3437.199951171875,3497.699951171875,3344.10009765625,3393.5,7139715,0.0,0.0,2026,January,Q1,Tuesday,5,-4.230397541203301,121.4285433485484,-43.699951171875,Down,3661.9199951171877,3665.1240087890624,3615.814089493035,3661.9199951171877,3863.248931970666,3460.5910582637093,7.352583473628869,-42.9632032630725,-15.15946328315982,-27.80373997991268,1829037.5
2026-01-28,3379.0,3456.89990234375,3376.0,3449.199951171875,3964878,0.0,0.0,2026,January,Q1,Wednesday,5,1.6413717746242895,123.42163718540891,70.199951171875,Up,3651.364990234375,3659.410009765625,3599.946076319591,3651.364990234375,3874.0530652951106,3428.6769151736394,18.700340348428654,-50.5452404439925,-22.236618715326358,-28.30862172866614,1924122.45
2026-01-29,3449.199951171875,3479.60009765625,3321.0,3384.39990234375,5592638,0.0,0.0,2026,January,Q1,Thursday,5,-1.8786979515672653,121.10291741581585,-64.800048828125,Down,3635.1249877929686,3653.2020068359375,3579.417869274273,3635.1249877929686,3885.6835726168883,3384.566402969049,17.257968236273314,-61.07880349289462,-30.00505567084001,-31.07374782205461,2110336.2
2026-01-30,3283.0,3452.39990234375,3282.800048828125,3431.800048828125,5291090,0.0,0.0,2026,January,Q1,Friday,5,1.4005480395963055,122.79902195157699,148.800048828125,Up,3618.664990234375,3647.3880078125,3565.3590292317826,3618.664990234375,3877.521179836144,3359.8088006326066,26.36240204752869,-64.85433204820538,-36.97491094631309,-27.87942110189229,2299982.65
2026-02-02,3355.0,3472.10009765625,3343.699951171875,3463.199951171875,2950641,0.0,0.0,2026,February,Q1,Monday,6,0.9149688763036234,123.92259478283918,108.199951171875,Up,3601.7049926757813,3642.3180078125,3555.6295932260773,3601.7049926757813,3854.2453627059226,3349.16462264564,29.963356532665003,-64.56845101940917,-42.49361896093231,-22.074832058476858,2373600.1
2026-02-03,3638.0,3643.800048828125,3513.0,3527.89990234375,5492214,0.0,0.0,2026,February,Q1,Tuesday,6,1.8682129846410378,126.23773278947627,-110.10009765625,Down,3588.5849853515624,3637.88400390625,3552.988670284903,3588.5849853515624,3826.724898742222,3350.4450719609026,38.68178888733537,-58.44739768661975,-45.6843747060698,-12.763022980549948,2569505.9
2026-02-04,3549.0,3620.0,3519.10009765625,3574.0,2395062,0.0,0.0,2026,February,Q1,Wednesday,6,1.3067291854177432,127.88731808684604,25.0,Up,3578.00498046875,3635.5480029296873,3554.9897493053886,3578.00498046875,3797.3506458685565,3358.6593150689437,43.953225723193015,-49.30813275317678,-46.4091263154912,-2.8990064376855784,2624284.55
2026-02-05,3592.0,3598.800048828125,3528.10009765625,3572.0,1251428,0.0,0.0,2026,February,Q1,Thursday,6,-0.05595970900951208,127.81575271578455,-20.0,Down,3569.1649780273438,3633.602001953125,3556.609773181066,3569.1649780273438,3773.247864164719,3365.0820918899685,43.812867302531764,-41.74536811582766,-45.47637467555849,3.7310065597308295,2634517.15
2026-02-06,3577.0,3590.0,3530.60009765625,3578.0,1462031,0.0,0.0,2026,February,Q1,Friday,6,0.16797312430010258,128.03044882896896,1.0,Up,3561.8649780273436,3631.43400390625,3558.646937640012,3561.8649780273436,3752.639046413705,3371.0909096409823,43.56959829931507,-34.86576199692627,-43.35425213983205,8.488490142905782,2644568.45
2026-02-09,3593.800048828125,3619.10009765625,3557.10009765625,3609.60009765625,1294690,0.0,0.0,2026,February,Q1,Monday,7,0.8831776874301367,129.16118518614306,15.800048828125,Up,3558.47998046875,3630.0020068359377,3563.4996195463204,3558.47998046875,3742.9275262611686,3374.0324346763314,46.34781388900703,-26.557621070827736,-39.994925926031186,13.43730485520345,2647506.55
2026-02-10,3616.300048828125,3699.0,3601.0,3675.800048828125,1917432,0.0,0.0,2026,February,Q1,Tuesday,7,1.8339968246027905,131.52999722107626,59.5,Up,3558.1699829101562,3628.3720068359376,3574.19489852554,3558.1699829101562,3741.7622902264325,3374.57767559388,59.52956807913193,-14.464835111361026,-34.88890776309715,20.424072651736125,2660116.3
2026-02-11,3704.699951171875,3787.0,3666.10009765625,3674.89990234375,4787745,0.0,0.0,2026,February,Q1,Wednesday,7,-0.024488450743176404,131.49778756249427,-29.800048828125,Down,3558.839978027344,3627.0380029296875,3583.785851270131,3558.839978027344,3744.1101628029196,3373.5697932517683,59.847734423780416,-4.897395288750431,-28.89060526822781,23.993209979477378,2814454.3
2026-02-12,3698.199951171875,3699.0,3582.199951171875,3593.10009765625,2554236,0.0,0.0,2026,February,Q1,Thursday,7,-2.225905653520799,128.57077087488594,-105.099853515625,Down,3556.019982910156,3624.5700048828126,3584.6729223545235,3556.019982910156,3737.150593102372,3374.88937271794,51.42900302658104,-3.8710676502232673,-23.886697744626904,20.015630094403637,2863509.35
2026-02-13,3530.0,3596.5,3520.300048828125,3533.39990234375,1632115,0.0,0.0,2026,February,Q1,Friday,7,-1.6615232999337204,126.4345375598953,3.39990234375,Up,3550.214978027344,3622.2500048828124,3579.7897775915926,3550.214978027344,3726.09688103214,3374.3330750225477,49.29398494478052,-7.785258811346466,-20.666409957970817,12.881151146624351,2945115.1
2026-02-16,3535.0,3549.5,3469.0,3509.699951171875,1562001,0.0,0.0,2026,February,Q1,Monday,8,-0.6707406981065089,125.58648966001833,-25.300048828125,Down,3542.7899780273438,3619.012001953125,3573.11455602781,3542.7899780273438,3711.884600275468,3373.6953557792194,59.98280948691478,-12.653806295323648,-19.063889225441383,6.410082930117735,2918718.0
2026-02-17,3509.699951171875,3515.800048828125,3462.0,3489.199951171875,1991583,0.0,0.0,2026,February,Q1,Tuesday,8,-0.5840955148646021,124.85294460663827,-20.5,Down,3534.37998046875,3614.4539990234375,3565.1226888986735,3534.37998046875,3696.0414875205415,3372.7184734169587,53.657642517236724,-17.959320064304393,-18.842975393213987,0.8836553289095939,2932506.25
2026-02-18,3491.10009765625,3545.0,3483.199951171875,3530.5,1682427,0.0,0.0,2026,February,Q1,Wednesday,8,1.183653829132214,126.33077126625906,39.39990234375,Up,3533.02998046875,3611.43,3561.825289955943,3533.02998046875,3694.329096230369,3371.7308647071313,63.959489381078434,-18.616806215373344,-18.79774155764586,0.18093534227251595,2928955.65
2026-02-19,3534.89990234375,3546.5,3421.300048828125,3431.800048828125,2479531,0.0,0.0,2026,February,Q1,Thursday,8,-2.7956366285759815,122.79902195157699,-103.099853515625,Down,3526.95498046875,3607.3480029296875,3549.4419336580554,3526.95498046875,3694.0863082383894,3359.8236526991104,50.0,-26.793273735302137,-20.39684799317712,-6.396425742125018,2973558.85
2026-02-20,3443.0,3449.89990234375,3402.5,3412.800048828125,2260853,0.0,0.0,2026,February,Q1,Friday,8,-0.5536453094488469,122.11915092649303,-30.199951171875,Down,3518.9099853515627,3603.00400390625,3536.4284208171093,3518.9099853515627,3691.952724600894,3345.8672461022315,45.5176196340758,-34.40967109438816,-23.199412613419327,-11.210258480968832,2981242.95
2026-02-23,3425.0,3457.60009765625,3416.89990234375,3447.10009765625,1789276,0.0,0.0,2026,February,Q1,Monday,9,1.0050412663321184,123.3464987873987,22.10009765625,Up,3514.0949951171874,3598.6420068359375,3527.9209614684564,3514.0949951171874,3689.610009889635,3338.57998034474,42.40318163079237,-37.248614747332795,-26.00925304020202,-11.239361707130776,2974579.3
2026-02-24,3415.0,3441.0,3390.0,3433.199951171875,1929400,0.0,0.0,2026,February,Q1,Tuesday,9,-0.40324174206098906,122.84911421691716,18.199951171875,Up,3516.0799926757813,3593.71400390625,3518.899912868782,3516.0799926757813,3686.681574041727,3345.478411309836,35.90873173527865,-40.157216306116425,-28.838845693384904,-11.31837061273152,2714063.55
2026-02-25,3435.0,3500.89990234375,3425.39990234375,3491.300048828125,2273269,0.0,0.0,2026,February,Q1,Wednesday,9,1.6923015985835121,124.92809174065573,56.300048828125,Up,3518.1849975585938,3591.3800048828125,3516.2713543887194,3518.1849975585938,3686.3332765369446,3350.036718580243,42.738898024689945,-37.34363747154657,-30.539804049017242,-6.80383342252933,2629483.1
2026-02-26,3505.0,3507.0,3461.60009765625,3484.60009765625,1998012,0.0,0.0,2026,February,Q1,Thursday,9,-0.1919041926552234,124.68834949480126,-20.39990234375,Down,3523.1950073242188,3588.6520068359373,3513.2550442237225,3523.1950073242188,3680.158461018204,3366.2315536302335,41.60677239650797,-35.24816711091853,-31.4814766613975,-3.766690449521029,2449751.8
2026-02-27,3460.0,3488.10009765625,3381.10009765625,3397.39990234375,3765500,0.0,0.0,2026,February,Q1,Friday,9,-2.5024448392557574,121.56809232771542,-62.60009765625,Down,3521.475,3584.34400390625,3502.221221187535,3521.475,3683.332929271627,3359.6170707283727,32.66339656783235,-40.160869250900305,-33.21735517929807,-6.943514071602237,2373472.3
2026-03-02,3299.89990234375,3374.89990234375,3283.0,3334.300048828125,2997529,0.0,0.0,2026,March,Q1,Monday,10,-1.8572983849235558,119.31021011233038,34.400146484375,Up,3515.0300048828126,3579.2980029296873,3486.2287285818766,3515.0300048828126,3695.8166897747524,3334.243319990873,21.957646500319157,-48.58578523360393,-36.29104119015924,-12.294744043444688,2375816.7
2026-03-04,3240.0,3278.10009765625,3207.89990234375,3264.300048828125,4537215,0.0,0.0,2026,March,Q1,Wednesday,10,-2.0993911458149106,116.80542212517895,24.300048828125,Up,3501.8500122070313,3572.512001953125,3465.092663843424,3501.8500122070313,3714.340905275735,3289.3591191383275,19.719785718066646,-60.21686430570935,-41.07620581326926,-19.14065849244009,2328066.75
2026-03-05,3277.300048828125,3360.60009765625,3276.199951171875,3348.0,2304760,0.0,0.0,2026,March,Q1,Thursday,10,2.564101029925947,119.80043115690002,70.699951171875,Up,3490.550012207031,3567.1380029296874,3453.9409815726212,3490.550012207031,3710.7815691952787,3270.3184552187836,31.975293658020902,-61.9663818407339,-45.25424101876219,-16.712140821971715,2323551.65
2026-03-06,3315.0,3367.0,3315.0,3332.5,2084605,0.0,0.0,2026,March,Q1,Friday,10,-0.462962962962965,119.24579953117362,17.5,Up,3478.5750122070312,3561.2860009765627,3442.3751738038,3478.5750122070312,3706.0841338939795,3251.065890520083,34.19853385093023,-63.86738410503267,-48.97686963601628,-14.890514469016388,2365210.5
2026-03-09,3250.0,3250.0,3142.89990234375,3187.60009765625,3961149,0.0,0.0,2026,March,Q1,Monday,11,-4.348084091335336,114.06089189217303,-62.39990234375,Down,3459.0550170898437,3552.30400390625,3418.110880837367,3459.0550170898437,3715.763891991825,3202.3461421878624,28.722434193486166,-76.18790647508104,-54.41907700382924,-21.7688294712518,2490166.4
2026-03-10,3278.0,3309.39990234375,3228.89990234375,3293.699951171875,2672336,0.0,0.0,2026,March,Q1,Tuesday,11,3.3285183293110476,117.85742958537968,15.699951171875,Up,3443.260009765625,3545.7160009765626,3406.2622208692246,3443.260009765625,3699.8412586470595,3186.6787608841905,38.397626112759646,-76.508693162903,-58.83700023564399,-17.67169292725901,2559048.7
2026-03-11,3276.0,3292.89990234375,3156.0,3168.199951171875,4574950,0.0,0.0,2026,March,Q1,Wednesday,11,-3.810304577238377,113.36670255127245,-107.800048828125,Down,3417.8800048828125,3537.237998046875,3383.5896237551915,3417.8800048828125,3678.0060776276196,3157.7539321380054,30.45213834478075,-85.8995238366906,-64.24950495585333,-21.65001888083728,2691924.6
2026-03-12,3115.10009765625,3142.800048828125,3020.0,3031.199951171875,6968585,0.0,0.0,2026,March,Q1,Thursday,11,-4.324222022329294,108.46447463356179,-83.900146484375,Down,3385.6950073242188,3524.65599609375,3350.0287025567804,3385.6950073242188,3670.080301957696,3101.3097126907414,29.24351825615284,-103.20687523254492,-72.04097901119164,-31.16589622135328,2800966.6
2026-03-13,2965.0,3025.0,2922.60009765625,2931.10009765625,7217643,0.0,0.0,2026,March,Q1,Friday,11,-3.302317733177784,104.88263305353955,-33.89990234375,Down,3352.595007324219,3509.0939990234374,3310.1307401853014,3352.595007324219,3685.3296702135294,3019.8603444349083,26.97638760042709,-123.5757927008276,-82.34794174911883,-41.227850951708774,3034136.95
2026-03-16,2902.0,3043.699951171875,2896.0,3036.10009765625,5378638,0.0,0.0,2026,March,Q1,Monday,12,3.582272747490256,108.63981503426672,134.10009765625,Up,3327.730017089844,3494.5960009765627,3284.032583753963,3327.730017089844,3677.4658432467645,2977.994190932923,31.599208816346234,-129.75000675488582,-91.82835475027223,-37.92165200461359,3221463.1
2026-03-17,3052.0,3139.300048828125,3024.5,3128.89990234375,3491894,0.0,0.0,2026,March,Q1,Tuesday,12,3.0565462831458667,111.96044126271315,76.89990234375,Up,3308.6900146484377,3481.1260009765624,3269.2580426672757,3308.6900146484377,3658.175915945172,2959.204113351703,37.2752285054777,-125.70588797026039,-98.60386139426987,-27.10202657599052,3317957.75
2026-03-18,3140.10009765625,3236.199951171875,3140.10009765625,3214.60009765625,3746758,0.0,0.0,2026,March,Q1,Wednesday,12,2.738988078471438,115.02702440150287,74.5,Up,3294.9600219726562,3469.612001953125,3264.0525240947973,3294.9600219726562,3636.0621670516307,2953.857876893682,38.690425465035865,-114.26839028820041,-101.73676717305598,-12.531623115144427,3405716.5
2026-03-19,3136.300048828125,3147.89990234375,3032.60009765625,3045.39990234375,3059501,0.0,0.0,2026,March,Q1,Thursday,12,-5.263491263994647,108.97258702089678,-90.900146484375,Down,3270.7050170898438,3454.807998046875,3243.228464880412,3270.7050170898438,3610.271541187162,2931.1384929925257,34.15354823160982,-117.50263543073788,-104.88994082459237,-12.61269460614551,3474570.2
2026-03-20,3059.199951171875,3106.60009765625,3043.199951171875,3066.10009765625,4471960,0.0,0.0,2026,March,Q1,Friday,12,0.6797201016710108,109.71329560018874,6.900146484375,Up,3252.42001953125,3441.1539990234373,3226.3590965733492,3252.42001953125,3594.8342059248644,2910.005833137636,37.44410468680489,-117.0462291735439,-107.32119849438268,-9.725030679161222,3574191.65
2026-03-23,3015.10009765625,3019.699951171875,2935.0,2955.800048828125,3978740,0.0,0.0,2026,March,Q1,Monday,13,-3.597405346043303,105.76646363894726,-59.300048828125,Down,3229.57001953125,3425.79,3200.5915682166615,3229.57001953125,3587.5599369663832,2871.580102096117,36.15075009147457,-124.15365005606463,-110.68768880671908,-13.465961249345554,3660086.0
2026-03-24,3030.0,3057.300048828125,2965.89990234375,3031.300048828125,3944279,0.0,0.0,2026,March,Q1,Tuesday,13,2.5542999781035025,108.46805639651774,1.300048828125,Up,3208.7800170898436,3412.87,3184.4685663701343,3208.7800170898436,3561.839389476577,2855.7206447031103,41.508746355685126,-122.28449376680283,-113.00704979873584,-9.27744396806699,3767836.15
2026-03-25,3099.89990234375,3157.89990234375,3082.89990234375,3128.10009765625,3328790,0.0,0.0,2026,March,Q1,Wednesday,13,3.1933509474110666,111.93182210309429,28.2001953125,Up,3193.5250244140625,3401.792001953125,3179.100140778336,3193.5250244140625,3531.8125130507974,2855.2375357773276,42.061949070834444,-111.70455837705458,-112.7465515143996,1.0419931373450169,3837805.65
2026-03-27,3100.0,3105.199951171875,3030.0,3041.300048828125,3155168,0.0,0.0,2026,March,Q1,Friday,13,-2.774848825750831,108.82588325182508,-58.699951171875,Down,3171.0250244140625,3389.3880029296874,3165.9763224973635,3171.0250244140625,3484.9006272036668,2857.1494216244582,40.00274918006543,-109.06666920753423,-112.01057505302653,2.9439058454922957,3881900.6
2026-03-30,2980.0,3023.699951171875,2945.0,2954.699951171875,5416854,0.0,0.0,2026,March,Q1,Monday,14,-2.8474697091994794,105.72709919046058,-25.300048828125,Down,3144.5300170898436,3375.492001953125,3145.8547633235075,3144.5300170898436,3435.585265640877,2853.47476853881,41.67083579333635,-112.66529181701253,-112.14151840582373,-0.5237734111887988,4052842.7
2026-04-01,3079.89990234375,3079.89990234375,3010.10009765625,3031.5,3522875,0.0,0.0,2026,April,Q2,Wednesday,14,2.599250350197657,108.47521118642246,-48.39990234375,Down,3126.2350219726563,3363.132001953125,3134.9638334831734,3126.2350219726563,3395.5522749570337,2856.917768988279,40.42227322157589,-108.07429091430868,-111.32807290752073,3.2537819932120584,4040711.45
2026-04-02,2975.0,3028.800048828125,2928.10009765625,3011.699951171875,3297975,0.0,0.0,2026,April,Q2,Thursday,14,-0.6531436195983842,107.76671226571246,36.699951171875,Up,3110.105017089844,3350.202001953125,3123.2244161201925,3110.105017089844,3365.2209469723302,2854.9890872073574,43.80492726619067,-104.82522810885803,-110.0275039477882,5.202275838930177,4055733.75
2026-04-06,3006.10009765625,3030.0,2961.0,3021.60009765625,2554900,0.0,0.0,2026,April,Q2,Monday,15,0.32872286897380754,108.12096609407106,15.5,Up,3097.97001953125,3337.486005859375,3113.545909599817,3097.97001953125,3345.169705962372,2850.7703331001276,49.57747150852804,-100.29532131257065,-108.0810674207447,7.785746108174052,3956618.0
2026-04-07,3001.60009765625,3017.0,2949.5,3006.60009765625,2292715,0.0,0.0,2026,April,Q2,Tuesday,15,-0.496425718665916,107.58422581111004,5.0,Up,3080.9000244140625,3326.4680078125,3103.36059417662,3080.9000244140625,3301.0756865518156,2860.7243622763094,53.59215609747031,-96.7998636082134,-105.82482665823845,9.02496305002505,3956015.75
2026-04-08,3125.0,3231.0,3109.0,3210.10009765625,4227961,0.0,0.0,2026,April,Q2,Wednesday,15,6.768442539419706,114.86600231661457,85.10009765625,Up,3074.780029296875,3319.6040087890624,3113.52626117468,3074.780029296875,3271.0120642618194,2878.5479943319306,57.56916073378922,-76.72450656225556,-100.00476263904189,23.28025607678633,4063183.55
2026-04-09,3179.89990234375,3199.89990234375,3131.0,3166.800048828125,3039565,0.0,0.0,2026,April,Q2,Thursday,15,-1.348869116565532,113.3166102859323,-13.099853515625,Down,3073.740026855469,3311.4660107421873,3118.5999552369126,3073.740026855469,3267.661328806408,2879.8187249045295,51.72288879837609,-63.575732070233244,-92.71895652528016,29.14322445504692,4017104.35
2026-04-10,3180.0,3270.0,3180.0,3259.800048828125,2801451,0.0,0.0,2026,April,Q2,Friday,15,2.936718408679284,116.64440004029063,79.800048828125,Up,3072.045031738281,3305.794013671875,3132.04758319798,3072.045031738281,3258.312802895483,2885.777260581079,52.04118105574415,-45.130672487364336,-83.201299717697,38.07062723033266,4023560.1
2026-04-13,3194.60009765625,3249.199951171875,3183.10009765625,3220.199951171875,3183080,0.0,0.0,2026,April,Q2,Monday,16,-1.2148014314708022,115.22740219887066,25.599853515625,Up,3074.6450317382814,3302.3280126953123,3140.4430468145415,3074.6450317382814,3267.8852170749346,2881.404846401628,58.94025677198718,-33.32408747065983,-73.22585726828957,39.90176979762974,3953966.6
2026-04-15,3250.0,3301.89990234375,3225.0,3256.5,2591177,0.0,0.0,2026,April,Q2,Wednesday,16,1.1272607098486098,116.52631543083776,6.5,Up,3085.9100341796875,3298.474013671875,3151.4960899750613,3085.9100341796875,3294.1705758063185,2877.6494925530565,59.585167705222275,-20.798421953098114,-62.74037020525129,41.941948252153175,3735096.2
2026-04-16,3273.0,3288.0,3201.0,3222.300048828125,2678634,0.0,0.0,2026,April,Q2,Thursday,16,-1.0502057783471463,115.30254933288808,-50.699951171875,Down,3100.4700317382812,3295.2320166015625,3158.2393241515438,3100.4700317382812,3303.818527916235,2897.1215355603276,64.52948586482322,-13.47604852765835,-52.8875058697327,39.41145734207435,3508145.75
2026-04-17,3210.0,3242.5,3185.0,3200.199951171875,2180404,0.0,0.0,2026,April,Q2,Friday,16,-0.6858485343190557,114.51174848825596,-9.800048828125,Down,3108.6750244140626,3290.6000146484375,3162.235574343956,3108.6750244140626,3314.317295352818,2903.0327534753073,59.77768719835781,-9.348543821870862,-44.179713460160336,34.831169638289474,3348234.05
2026-04-20,3207.0,3235.5,3162.60009765625,3221.60009765625,3201466,0.0,0.0,2026,April,Q2,Monday,17,0.6687127932908821,115.277503200218,14.60009765625,Up,3113.3100341796876,3285.768017578125,3167.8893384689363,3113.3100341796876,3324.962625521932,2901.6574428374433,55.930477441094126,-4.301073534288207,-36.20398547498591,31.902911940697706,3333712.65
2026-04-21,3212.0,3262.300048828125,3212.0,3247.300048828125,1972188,0.0,0.0,2026,April,Q2,Tuesday,17,0.7977387134601832,116.19711647115645,35.300048828125,Up,3114.945031738281,3280.1560205078126,3175.4522632650496,3114.945031738281,3330.3638771143646,2899.5261863621977,64.16390307706874,1.7526508418800404,-28.612658211612725,30.365309053492766,3244984.15
